model,candidate_set,candidates,run,states,feasible_states,repeats,total_decisions,algo_time_s,latency_us,energy_j,wall_s,avg_power_w,idle_power_w,energy_per_decision_uj,dynamic_energy_per_decision_uj,power_samples
squeezenet1_1,all,67,0,850,850,119,101150,19.72050694299105,194.96299498755366,80.19955893254816,19.720538527995814,4.066803693960725,3.505078208222665,792.8774980973618,109.51585846420717,763
squeezenet1_1,all,67,1,850,850,119,101150,19.77615435300686,195.51314239255422,79.91700244945784,19.77618219399301,4.041073330813696,3.505078208222665,790.0840578295387,104.7942382545908,761
squeezenet1_1,all,67,2,850,850,119,101150,19.789076348009985,195.64089320820548,79.91664158396958,19.789115389008657,4.038414047974937,3.505078208222665,790.0804902023685,104.34250592141909,752
squeezenet1_1,all,67,3,850,850,119,101150,19.740377502996125,195.1594414532489,80.15358346723987,19.740408256999217,4.060381245601665,3.505078208222665,792.4229705115163,108.3727994484741,750
squeezenet1_1,all,67,4,850,850,119,101150,19.757076163994498,195.32452955011863,80.09557548499153,19.757104229007382,4.054013916037108,3.505078208222665,791.8494857636334,107.22076118946022,746
squeezenet1_1,dnnsplit,5,0,850,850,726,617100,11.706884957995499,18.97080693241857,47.26018864968701,11.706912574998569,4.036947260596826,3.505078208222665,76.58432774216011,10.090008908591214,446
squeezenet1_1,dnnsplit,5,1,850,850,726,617100,11.69927945100062,18.958482338357836,47.21869354806036,11.6992960919888,4.036028593241075,3.505078208222665,76.51708563937831,10.066027814755847,447
squeezenet1_1,dnnsplit,5,2,850,850,726,617100,11.745677712999168,19.033669928697407,47.74471001564559,11.74570360200596,4.06486589764547,3.505078208222665,77.36948633227287,10.654837595222865,446
squeezenet1_1,dnnsplit,5,3,850,850,726,617100,11.720685977998073,18.9931712493892,47.416535784202864,11.720719931006897,4.0455309966722695,3.505078208222665,76.83768560071766,10.264942099091769,441
squeezenet1_1,dnnsplit,5,4,850,850,726,617100,11.718254594001337,18.989231233189656,47.11529844772379,11.71828461100813,4.020665140993741,3.505078208222665,76.34953564693532,9.790624566404441,446
squeezenet1_1,anoda,5,0,850,850,683,580550,11.040943441999843,19.01807500129161,44.559114125741935,11.040963059000205,4.035799584477272,3.505078208222665,76.75327555893882,10.093316871671446,417
squeezenet1_1,anoda,5,1,850,850,683,580550,11.05857879499672,19.048451976568288,44.91221839369986,11.058607978993678,4.061290397400164,3.505078208222665,77.36149925708357,10.595009134875264,420
squeezenet1_1,anoda,5,2,850,850,683,580550,11.024939295006334,18.99050778573135,44.671075981396264,11.024965183998575,4.051811070227325,3.505078208222665,76.94613036154726,10.382759053568645,415
squeezenet1_1,anoda,5,3,850,850,683,580550,11.010103192005772,18.964952531230338,44.37801235394814,11.01013039299869,4.030652750685676,3.505078208222665,76.44132693815888,9.967520874616108,419
squeezenet1_1,anoda,5,4,850,850,683,580550,11.048459051991813,19.031020673485166,44.71055435160736,11.048485100996913,4.046758803844799,3.505078208222665,77.01413203274026,10.308758918663827,416
swin_v2_t,all,246,0,850,850,38,32300,20.225930830987636,626.1898090089052,82.69734231013821,20.225956368012703,4.088674018941514,3.505078208222665,2560.289235607994,365.44221065493633,770
swin_v2_t,all,246,1,850,850,38,32300,20.301812146004522,628.5390757276941,82.43229095751843,20.301840850996086,4.060335787405899,3.505078208222665,2552.0833113782796,349.0015790677203,781
swin_v2_t,all,246,2,850,850,38,32300,20.23745724699984,626.546663993803,82.26124782979547,20.237487391990726,4.064795507289681,3.505078208222665,2546.7878585075996,350.6895288838338,766
swin_v2_t,all,246,3,850,850,38,32300,20.269748403996346,627.5463902166051,82.9637244365806,20.269775765002123,4.092976922804746,3.505078208222665,2568.536360265653,368.9342141520669,771
swin_v2_t,all,246,4,850,850,38,32300,20.24108242400689,626.6588985760648,82.26686886708461,20.24110751299304,4.064346222867321,3.505078208222665,2546.961884429864,350.47071247680026,770
swin_v2_t,dnnsplit,4,0,850,850,775,658750,10.282321008999133,15.608836446298495,41.54841872859384,10.282352370006265,4.040750329641594,3.505078208222665,63.071603383064655,8.361244033727827,391
swin_v2_t,dnnsplit,4,1,850,850,775,658750,10.374642373004463,15.74898272941854,42.34595808168499,10.374668775009923,4.081668436845541,3.505078208222665,64.28228930806071,9.080732661661601,395
swin_v2_t,dnnsplit,4,2,850,850,775,658750,10.3550014779903,15.719167329017532,41.878071308482035,10.355018982008914,4.044229313460662,3.505078208222665,63.57202475670897,8.475020764949589,388
swin_v2_t,dnnsplit,4,3,850,850,775,658750,10.328745042002993,15.679309361674372,41.8585855917787,10.328777586997603,4.052617576398628,3.505078208222665,63.54244492110618,8.58506619205271,394
swin_v2_t,dnnsplit,4,4,850,850,775,658750,10.310780251995311,15.652038333199712,41.80366549074754,10.31081078099669,4.054352890249297,3.505078208222665,63.45907474876287,8.597293834032218,392
swin_v2_t,anoda,3,0,850,850,1016,863600,10.649363104006625,12.331360704037316,43.10364267386046,10.649386623990722,4.047523504946046,3.505078208222665,49.911582531102894,6.689103389500518,408
swin_v2_t,anoda,3,1,850,850,1016,863600,10.639984066991019,12.320500309160515,43.42386376158965,10.640011810988653,4.081185672815035,3.505078208222665,50.28238045575458,7.097950703637731,404
swin_v2_t,anoda,3,2,850,850,1016,863600,10.660102114998153,12.343795871929313,43.06016951750885,10.66012806800427,4.039366998483944,3.505078208222665,49.861243072613306,6.595167820153195,412
swin_v2_t,anoda,3,3,850,850,1016,863600,10.603919092012802,12.278739106082448,42.868562340603745,10.603936469007749,4.042702676114309,3.505078208222665,49.639372789027036,6.6013613961406765,403
swin_v2_t,anoda,3,4,850,850,1016,863600,10.641313179992721,12.32203934691144,42.78079554248101,10.641326493001543,4.020250254572732,3.505078208222665,49.53774379629574,6.347978167298267,412
efficientnet_b4,all,503,0,850,850,18,15300,20.42710594199889,1335.104963529339,83.65035122784853,20.42713515899959,4.0950603487339565,3.505078208222665,5467.34321750644,787.689210824839,787
efficientnet_b4,all,503,1,850,850,18,15300,20.44646513799671,1336.3702704573013,83.4960808739329,20.446488337998744,4.08363918016962,3.505078208222665,5457.260187838751,773.1725598519373,778
efficientnet_b4,all,503,2,850,850,18,15300,20.466924413995002,1337.707478038889,83.56633972466095,20.466949918001774,4.082989407774917,3.505078208222665,5461.852269585683,773.0770966201483,779
efficientnet_b4,all,503,3,850,850,18,15300,20.462707604005118,1337.431869542818,83.55128353355418,20.46273605400347,4.0830944265250215,3.505078208222665,5460.8682048074625,773.0583862780637,775
efficientnet_b4,all,503,4,850,850,18,15300,19.820992556997226,1295.4897096076618,80.81157659412675,19.821021933006705,4.077064082127688,3.505078208222665,5281.80239177299,741.0029118981345,751
efficientnet_b4,dnnsplit,7,0,850,850,617,524450,13.008107130997814,24.803331358561948,52.74999762886752,13.008131483002217,4.05515563075267,3.505078208222665,100.58155711482033,13.643778125848554,494
efficientnet_b4,dnnsplit,7,1,850,850,617,524450,13.007420025998726,24.80202121460335,52.77069754449815,13.007448282995028,4.056960012171383,3.505078208222665,100.6210268748177,13.68781394449223,486
efficientnet_b4,dnnsplit,7,2,850,850,617,524450,12.927077355998335,24.64882706835415,52.43125430538164,12.927095595994615,4.055919128626786,3.505078208222665,99.97379026672064,13.577601747067847,492
efficientnet_b4,dnnsplit,7,3,850,850,617,524450,12.986252875009086,24.76166054916405,52.63613606135663,12.986285291990498,4.0532095882585315,3.505078208222665,100.36445049357734,13.572677049553295,485
efficientnet_b4,dnnsplit,7,4,850,850,617,524450,12.974528179998742,24.73930437601057,52.79466529437524,12.974554644999444,4.069092677082598,3.505078208222665,100.66672760868575,13.953354079118194,493
efficientnet_b4,anoda,5,0,850,850,696,591600,10.873654069990152,18.380077873546572,44.14791834550996,10.87368117600272,4.0600710680151835,3.505078208222665,74.62460842716355,10.200837410990232,412
efficientnet_b4,anoda,5,1,850,850,696,591600,10.845636614001705,18.33271909060464,43.918463029964975,10.845662373991217,4.049403486437585,3.505078208222665,74.23675292421396,9.97898612093959,412
efficientnet_b4,anoda,5,2,850,850,696,591600,10.84071140200831,18.32439385058876,43.89163773153492,10.840728330993443,4.04877203739619,3.505078208222665,74.19140928251339,9.962875418032024,408
efficientnet_b4,anoda,5,3,850,850,696,591600,10.815032778002205,18.280988468563567,43.68657805360193,10.815064202994108,4.0394192058062375,3.505078208222665,73.8447904895232,9.768309998577173,412
efficientnet_b4,anoda,5,4,850,850,696,591600,10.835121312004048,18.314944746457147,44.261567975842944,10.83515372799593,4.084996769494802,3.505078208222665,74.81671395510978,10.62120818306599,409
resnet50,all,176,0,850,850,89,75650,20.070845882000867,265.3119085525561,81.33760691904003,20.070882138999877,4.052517789489299,3.505078208222665,1075.1831714347657,145.24250249604825,764
resnet50,all,176,1,850,850,89,75650,20.20236317400122,267.05040547258716,81.8805676194388,20.2023924219975,4.053013420840328,3.505078208222665,1082.3604444076511,146.32653254636693,765
resnet50,all,176,2,850,850,89,75650,20.188695879012812,266.86974063467034,82.07154786733933,20.18872432799253,4.065217124865271,3.505078208222665,1084.884968504155,149.48433804993985,764
resnet50,all,176,3,850,850,89,75650,20.148387352004647,266.33691146073556,81.58924384095616,20.148418455995852,4.049411819550357,3.505078208222665,1078.5095021937364,144.97635665160257,764
resnet50,all,176,4,850,850,89,75650,20.196112018005806,266.96777287515937,82.13658637077366,20.19613896199735,4.066944999998681,3.505078208222665,1085.7446975647542,150.0005261710514,768
resnet50,dnnsplit,4,0,850,850,850,722500,10.860730583997793,15.032153057436393,44.004267226122074,10.860760026000207,4.051674755797724,3.505078208222665,60.905560174563426,8.216545237720311,413
resnet50,dnnsplit,4,1,850,850,850,722500,10.873697112008813,15.050099809008739,44.068638225771444,10.873723769007483,4.052764182899036,3.505078208222665,60.9946549837667,8.24274879002144,414
resnet50,dnnsplit,4,2,850,850,850,722500,10.938320421002572,15.139543835297678,44.36890914699547,10.938352487006341,4.05626982671305,3.505078208222665,61.410254874734214,8.34481413277696,416
resnet50,dnnsplit,4,3,850,850,850,722500,10.910242604004452,15.100681804850453,44.13718262070691,10.910270316002425,4.04547104171833,3.505078208222665,61.08952611862548,8.16032095538851,415
resnet50,dnnsplit,4,4,850,850,850,722500,10.879063904998475,15.05752789619166,44.44220913778951,10.87909766600933,4.085100667553047,3.505078208222665,61.51170814918963,8.733731465099178,404
resnet50,anoda,2,0,850,850,1467,1246950,10.703184835001593,8.583491587474713,43.42163745664535,10.70321398699889,4.056878383389258,3.505078208222665,34.822276319535945,4.73638506184812,407
resnet50,anoda,2,1,850,850,1467,1246950,10.703194831992732,8.583499604629482,43.39267367010283,10.703219247996458,4.054170307519911,3.505078208222665,34.79904861470214,4.713142568764641,407
resnet50,anoda,2,2,850,850,1467,1246950,10.725904125007219,8.601711476007234,43.4802357411059,10.725919773001806,4.053753585827662,3.505078208222665,34.86926961073491,4.7195541774831975,410
resnet50,anoda,2,3,850,850,1467,1246950,10.832390260999091,8.687108754159421,43.95107648512989,10.832415444994695,4.057366217932331,3.505078208222665,35.24686353512963,4.7977971582375885,426
resnet50,anoda,2,4,850,850,1467,1246950,10.672044546998222,8.558518422549598,43.11508948914235,10.672069027990801,4.0399934985483785,3.505078208222665,34.57643810027856,4.578092868586356,416
densenet169,all,600,0,850,850,17,14450,20.782773278013337,1438.2542060908884,84.9586258656201,20.782805055001518,4.087928729580912,3.505078208222665,5879.489679281668,838.288495612072,791
densenet169,all,600,1,850,850,17,14450,20.823037750000367,1441.0406747405098,85.15288117825476,20.82306706199597,4.089353452338761,3.505078208222665,5892.93295351244,841.9655772244654,787
densenet169,all,600,2,850,850,17,14450,20.827859041004558,1441.3743280972012,84.90825128593829,20.8278886420012,4.076661477568765,3.505078208222665,5876.0035491998815,823.8666217004526,795
densenet169,all,600,3,850,850,17,14450,20.831059442003607,1441.5958091351977,84.96067059066455,20.831087122001918,4.07855193025085,3.505078208222665,5879.631182744952,826.7184128545213,793
densenet169,all,600,4,850,850,17,14450,20.85799994500121,1443.4602038063122,85.44844114942626,20.85801543299749,4.096671681153634,3.505078208222665,5913.386930756142,853.9422690972123,789
densenet169,dnnsplit,6,0,850,850,674,572900,12.347354411002016,21.55237285914124,50.00031067633441,12.347393548989203,4.049462785644149,3.505078208222665,87.27580847675758,11.73281658129384,470
densenet169,dnnsplit,6,1,850,850,674,572900,12.381360571002006,21.611730792462918,50.17334799672019,12.381391898990842,4.052318867381108,3.505078208222665,87.57784604070551,11.826847729276926,471
densenet169,dnnsplit,6,2,850,850,674,572900,12.33149306899577,21.524686802226864,49.72963138230177,12.331518445993424,4.032725702037059,3.505078208222665,86.80333632798354,11.35747041884167,469
densenet169,dnnsplit,6,3,850,850,674,572900,12.361354417007533,21.576809944156977,50.37940960856801,12.361384880990954,4.07554736735366,3.505078208222665,87.93752768121489,12.308934960295854,469
densenet169,dnnsplit,6,4,850,850,674,572900,12.36758032500802,21.587677299717264,49.982691371719284,12.367610278000939,4.041418693522927,3.505078208222665,87.24505388675037,11.57837336098366,470
densenet169,anoda,3,0,850,850,1074,912900,10.817933259997517,11.850074772699656,43.82209761518498,10.817959692998556,4.05086530721194,3.505078208222665,48.00317407731951,6.46763373625215,412
densenet169,anoda,3,1,850,850,1074,912900,10.809740494005382,11.841100333010607,43.84556378310629,10.809769614003017,4.056105296296841,3.505078208222665,48.02887915774596,6.5247846129442335,411
densenet169,anoda,3,2,850,850,1074,912900,10.835664134996478,11.869497354580433,44.26380128474892,10.835696009002277,4.084998439230358,3.505078208222665,48.4870207960882,6.883381895793343,403
densenet169,anoda,3,3,850,850,1074,912900,10.804052067003795,11.834869171874022,43.754299889986164,10.80407705999096,4.049795243687643,3.505078208222665,47.928907755489284,6.446669763449941,411
densenet169,anoda,3,4,850,850,1074,912900,10.814814331009984,11.84665826597654,43.9225686671711,10.814844059990719,4.061322421620639,3.505078208222665,48.113231095597655,6.589653222884541,412
