config,model,power_w,multiplier,interval_s,policy,trace_mode,seed,slice_layer,status,segments,offered,admitted,delivered,not_started,admitted_not_delivered,energy_j,wasted_energy_j,compute_energy_j,communication_energy_j,selected_layers,audit,unique_histograms,modal_histogram,modal_count
squeezenet1_1:selected,squeezenet1_1,1.3,1.0,31,STLT,actual,,65,ok,220,180400.0,166803.0,163039.0,13597.0,3764.0,2518241.629332537,41302.17423882954,2106780.175487365,411461.4538451717,"{""34"": 65512, ""65"": 101291}","{""cheaper_candidate_block:downlink_capacity"": 101291, ""decisions"": 180400, ""nonminimum_selected"": 101291, ""rejected"": 13597, ""restricted_decisions"": 14798}",110,"{""34"": 300, ""65"": 520}",44
squeezenet1_1:selected,squeezenet1_1,1.3,1.0,31,SLICE,actual,,65,ok,220,180400.0,162760.0,147999.0,17640.0,14761.0,2629317.366181438,238429.6488490234,2629009.5282614073,307.83792000000255,"{""65"": 162760}",{},116,"{""65"": 820}",28
squeezenet1_1:selected,squeezenet1_1,1.3,1.0,31,TOGC,actual,,65,ok,220,180400.0,180400.0,3300.0,0.0,177100.0,428999.99999998976,83523.56812799991,0.0,428999.99999998976,"{""0"": 180400}",{},1,"{""0"": 820}",220
squeezenet1_1:selected,squeezenet1_1,1.3,1.0,31,TOBC,actual,,65,ok,220,180400.0,162760.0,147999.0,17640.0,14761.0,2629317.366181438,238429.6488490234,2629009.5282614073,307.83792000000255,"{""65"": 162760}",{},116,"{""65"": 820}",28
squeezenet1_1:selected,squeezenet1_1,1.3,1.0,31,RAND,actual,7,65,ok,220,180400.0,180400.0,8800.0,0.0,171600.0,1432853.3955876753,1010124.4073837493,1003853.395587638,428999.99999998993,"{""0"": 37620, ""19"": 35640, ""34"": 36300, ""4"": 36300, ""65"": 34540}",{},1,"{""0"": 171, ""19"": 162, ""34"": 165, ""4"": 165, ""65"": 157}",220
squeezenet1_1:selected,squeezenet1_1,1.3,1.0,31,RAND,actual,19,65,ok,220,180400.0,180400.0,14520.0,0.0,165880.0,1487235.5333209313,1003542.014316766,1058235.5333208921,428999.9999999899,"{""0"": 34320, ""19"": 36960, ""34"": 39600, ""4"": 33220, ""65"": 36300}",{},1,"{""0"": 156, ""19"": 168, ""34"": 180, ""4"": 151, ""65"": 165}",220
squeezenet1_1:selected,squeezenet1_1,1.3,1.0,31,RAND,actual,42,65,ok,220,180400.0,180400.0,12100.0,0.0,168300.0,1440427.2809646525,987796.5828318542,1011427.2809646135,428999.99999998993,"{""0"": 36080, ""19"": 35420, ""34"": 36300, ""4"": 37620, ""65"": 34980}",{},1,"{""0"": 164, ""19"": 161, ""34"": 165, ""4"": 171, ""65"": 159}",220
squeezenet1_1:selected,squeezenet1_1,1.3,1.0,31,RAND,actual,73,65,ok,220,180400.0,180400.0,12760.0,0.0,167640.0,1451683.7680598372,1001913.8381912011,1022683.7680597987,428999.99999999,"{""0"": 35200, ""19"": 37620, ""34"": 38500, ""4"": 34760, ""65"": 34320}",{},1,"{""0"": 160, ""19"": 171, ""34"": 175, ""4"": 158, ""65"": 156}",220
squeezenet1_1:selected,squeezenet1_1,1.3,1.0,31,RAND,actual,101,65,ok,220,180400.0,180400.0,16500.0,0.0,163900.0,1388530.4359375176,909311.1417338449,959530.4359374802,428999.99999999005,"{""0"": 37180, ""19"": 35640, ""34"": 33880, ""4"": 41140, ""65"": 32560}",{},1,"{""0"": 169, ""19"": 162, ""34"": 154, ""4"": 187, ""65"": 148}",220
squeezenet1_1:selected,squeezenet1_1,1.3,1.0,31,STLT,flat_battery,,65,ok,220,180400.0,180400.0,180400.0,0.0,0.0,2750747.842229849,0.0,2322031.55422986,428716.28799998923,"{""34"": 66000, ""65"": 114400}","{""cheaper_candidate_block:downlink_capacity"": 114400, ""decisions"": 180400, ""nonminimum_selected"": 114400, ""rejected"": 0, ""restricted_decisions"": 0}",1,"{""34"": 300, ""65"": 520}",220
squeezenet1_1:lighter75,squeezenet1_1,1.3,1.3333333333333333,42,STLT,actual,,65,ok,220,133100.0,132843.0,132736.0,257.0,107.0,1981858.2418507694,872.7643048234538,1553858.746810779,427999.4950399903,"{""34"": 66000, ""65"": 66843}","{""cheaper_candidate_block:downlink_capacity"": 66843, ""decisions"": 133100, ""nonminimum_selected"": 66843, ""rejected"": 257, ""restricted_decisions"": 261}",8,"{""34"": 300, ""65"": 305}",212
squeezenet1_1:lighter75,squeezenet1_1,1.3,1.3333333333333333,42,SLICE,actual,,65,ok,220,133100.0,132703.0,132020.0,397.0,683.0,2143783.1505609066,11032.277634569684,2143508.5489608855,274.60160000000127,"{""65"": 132703}",{},12,"{""65"": 605}",209
squeezenet1_1:lighter75,squeezenet1_1,1.3,1.3333333333333333,42,TOGC,actual,,65,ok,220,133100.0,133100.0,3300.0,0.0,129800.0,428999.99999998976,83523.56812799991,0.0,428999.99999998976,"{""0"": 133100}",{},1,"{""0"": 605}",220
squeezenet1_1:lighter75,squeezenet1_1,1.3,1.3333333333333333,42,TOBC,actual,,65,ok,220,133100.0,132703.0,132020.0,397.0,683.0,2143783.1505609066,11032.277634569684,2143508.5489608855,274.60160000000127,"{""65"": 132703}",{},12,"{""65"": 605}",209
squeezenet1_1:lighter75,squeezenet1_1,1.3,1.3333333333333333,42,RAND,actual,7,65,ok,220,133100.0,133100.0,16280.0,0.0,116820.0,1182540.1855926695,681329.6556174229,753540.1855926396,428999.99999999005,"{""0"": 28380, ""19"": 24640, ""34"": 24860, ""4"": 27720, ""65"": 27500}",{},1,"{""0"": 129, ""19"": 112, ""34"": 113, ""4"": 126, ""65"": 125}",220
squeezenet1_1:lighter75,squeezenet1_1,1.3,1.3333333333333333,42,RAND,actual,19,65,ok,220,133100.0,133100.0,12100.0,0.0,121000.0,1210666.6129041733,754587.6230091117,781666.6129041427,428999.9999999898,"{""0"": 26180, ""19"": 27280, ""34"": 28820, ""4"": 23760, ""65"": 27060}",{},1,"{""0"": 119, ""19"": 124, ""34"": 131, ""4"": 108, ""65"": 123}",220
squeezenet1_1:lighter75,squeezenet1_1,1.3,1.3333333333333333,42,RAND,actual,42,65,ok,220,133100.0,133100.0,11220.0,0.0,121880.0,1178284.5822560007,727686.415604188,749284.5822559745,428999.9999999898,"{""0"": 26840, ""19"": 24860, ""34"": 25960, ""4"": 28820, ""65"": 26620}",{},1,"{""0"": 122, ""19"": 113, ""34"": 118, ""4"": 131, ""65"": 121}",220
squeezenet1_1:lighter75,squeezenet1_1,1.3,1.3333333333333333,42,RAND,actual,73,65,ok,220,133100.0,133100.0,16940.0,0.0,116160.0,1189361.1504288807,692593.6428243611,760361.1504288564,428999.99999999005,"{""0"": 26180, ""19"": 26840, ""34"": 28820, ""4"": 25520, ""65"": 25740}",{},1,"{""0"": 119, ""19"": 122, ""34"": 131, ""4"": 116, ""65"": 117}",220
squeezenet1_1:lighter75,squeezenet1_1,1.3,1.3333333333333333,42,RAND,actual,101,65,ok,220,133100.0,133100.0,12320.0,0.0,120780.0,1129873.8417566903,670328.3127525498,700873.8417566651,428999.9999999899,"{""0"": 26840, ""19"": 27280, ""34"": 25520, ""4"": 30360, ""65"": 23100}",{},1,"{""0"": 122, ""19"": 124, ""34"": 116, ""4"": 138, ""65"": 105}",220
squeezenet1_1:lighter75,squeezenet1_1,1.3,1.3333333333333333,42,STLT,flat_battery,,65,ok,220,133100.0,133100.0,133100.0,0.0,0.0,1986627.888515139,0.0,1558009.9845151484,428617.90399999026,"{""34"": 66000, ""65"": 67100}","{""cheaper_candidate_block:downlink_capacity"": 67100, ""decisions"": 133100, ""nonminimum_selected"": 67100, ""rejected"": 0, ""restricted_decisions"": 0}",1,"{""34"": 300, ""65"": 305}",220
squeezenet1_1:lighter50,squeezenet1_1,1.3,2.0,62,STLT,actual,,65,ok,220,90200.0,90200.0,90200.0,0.0,0.0,1293588.8607273889,0.0,865060.1887273977,428528.67199999123,"{""34"": 66000, ""65"": 24200}","{""cheaper_candidate_block:downlink_capacity"": 24200, ""decisions"": 90200, ""nonminimum_selected"": 24200, ""rejected"": 0, ""restricted_decisions"": 0}",1,"{""34"": 300, ""65"": 110}",220
squeezenet1_1:lighter50,squeezenet1_1,1.3,2.0,62,SLICE,actual,,65,ok,220,90200.0,90200.0,90200.0,0.0,0.0,1457158.9815024682,0.0,1456971.3655024539,187.61599999999956,"{""65"": 90200}",{},1,"{""65"": 410}",220
squeezenet1_1:lighter50,squeezenet1_1,1.3,2.0,62,TOGC,actual,,65,ok,220,90200.0,90200.0,3300.0,0.0,86900.0,428999.99999998976,83523.56812799991,0.0,428999.99999998976,"{""0"": 90200}",{},1,"{""0"": 410}",220
squeezenet1_1:lighter50,squeezenet1_1,1.3,2.0,62,TOBC,actual,,65,ok,220,90200.0,90200.0,90200.0,0.0,0.0,1457158.9815024682,0.0,1456971.3655024539,187.61599999999956,"{""65"": 90200}",{},1,"{""65"": 410}",220
squeezenet1_1:lighter50,squeezenet1_1,1.3,2.0,62,RAND,actual,7,65,ok,220,90200.0,90200.0,11880.0,0.0,78320.0,963758.5121183484,494913.560056339,534758.5121183217,428999.99999998993,"{""0"": 18040, ""19"": 14520, ""34"": 18260, ""4"": 19360, ""65"": 20020}",{},1,"{""0"": 82, ""19"": 66, ""34"": 83, ""4"": 88, ""65"": 91}",220
squeezenet1_1:lighter50,squeezenet1_1,1.3,2.0,62,RAND,actual,19,65,ok,220,90200.0,90200.0,12980.0,0.0,77220.0,958407.7435049966,488534.3599148869,529407.7435049699,428999.9999999899,"{""0"": 19580, ""19"": 16500, ""34"": 19360, ""4"": 15840, ""65"": 18920}",{},1,"{""0"": 89, ""19"": 75, ""34"": 88, ""4"": 72, ""65"": 86}",220
squeezenet1_1:lighter50,squeezenet1_1,1.3,2.0,62,RAND,actual,42,65,ok,220,90200.0,90200.0,8800.0,0.0,81400.0,919813.3685218021,520266.9122196516,490813.36852177425,428999.9999999899,"{""0"": 20460, ""19"": 16280, ""34"": 14960, ""4"": 20240, ""65"": 18260}",{},1,"{""0"": 93, ""19"": 74, ""34"": 68, ""4"": 92, ""65"": 83}",220
squeezenet1_1:lighter50,squeezenet1_1,1.3,2.0,62,RAND,actual,73,65,ok,220,90200.0,90200.0,15400.0,0.0,74800.0,939104.9874539323,448293.06902653695,510104.98745390464,428999.9999999899,"{""0"": 17160, ""19"": 18480, ""34"": 19140, ""4"": 18260, ""65"": 17160}",{},1,"{""0"": 78, ""19"": 84, ""34"": 87, ""4"": 83, ""65"": 78}",220
squeezenet1_1:lighter50,squeezenet1_1,1.3,2.0,62,RAND,actual,101,65,ok,220,90200.0,90200.0,15180.0,0.0,75020.0,915339.7367676408,433402.99490254116,486339.73676761374,428999.99999999,"{""0"": 18700, ""19"": 17160, ""34"": 17820, ""4"": 20020, ""65"": 16500}",{},1,"{""0"": 85, ""19"": 78, ""34"": 81, ""4"": 91, ""65"": 75}",220
squeezenet1_1:lighter50,squeezenet1_1,1.3,2.0,62,STLT,flat_battery,,65,ok,220,90200.0,90200.0,90200.0,0.0,0.0,1293588.8607273889,0.0,865060.1887273977,428528.67199999123,"{""34"": 66000, ""65"": 24200}","{""cheaper_candidate_block:downlink_capacity"": 24200, ""decisions"": 90200, ""nonminimum_selected"": 24200, ""rejected"": 0, ""restricted_decisions"": 0}",1,"{""34"": 300, ""65"": 110}",220
swin_v2_t:selected,swin_v2_t,1.3,1.0,365,STLT,actual,,327,ok,220,14300.0,14110.0,14019.0,190.0,91.0,2321944.7471935623,12334.019600016729,1921525.9133605815,400418.8338329809,"{""0"": 3298, ""112"": 1098, ""327"": 9714}","{""cheaper_candidate_block:downlink_capacity"": 20526, ""decisions"": 14300, ""nonminimum_selected"": 10812, ""rejected"": 190, ""restricted_decisions"": 193}",12,"{""0"": 15, ""112"": 5, ""327"": 45}",166
swin_v2_t:selected,swin_v2_t,1.3,1.0,365,SLICE,actual,,327,ok,220,14300.0,13421.0,12679.0,879.0,742.0,2550952.842973194,141032.11244030457,2550932.589031435,20.25394176000001,"{""327"": 13421}",{},18,"{""327"": 65}",63
swin_v2_t:selected,swin_v2_t,1.3,1.0,365,TOGC,actual,,327,ok,220,14300.0,14300.0,3300.0,0.0,11000.0,428999.99999998976,83523.56812799991,0.0,428999.99999998976,"{""0"": 14300}",{},1,"{""0"": 65}",220
swin_v2_t:selected,swin_v2_t,1.3,1.0,365,TOBC,actual,,327,ok,220,14300.0,13421.0,12679.0,879.0,742.0,2550952.842973194,141032.11244030457,2550932.589031435,20.25394176000001,"{""327"": 13421}",{},18,"{""327"": 65}",63
swin_v2_t:selected,swin_v2_t,1.3,1.0,365,RAND,actual,7,327,ok,220,14300.0,14300.0,7258.0,0.0,7042.0,1655070.4162136547,622738.5546625052,1226155.7720035762,428914.64421002875,"{""0"": 6160, ""112"": 2640, ""327"": 5500}",{},1,"{""0"": 28, ""112"": 12, ""327"": 25}",220
swin_v2_t:selected,swin_v2_t,1.3,1.0,365,RAND,actual,19,327,ok,220,14300.0,14300.0,7699.0,0.0,6601.0,1650153.5144915604,591394.9206329861,1221222.4144915163,428931.09999998996,"{""0"": 5060, ""112"": 4400, ""327"": 4840}",{},1,"{""0"": 23, ""112"": 20, ""327"": 22}",220
swin_v2_t:selected,swin_v2_t,1.3,1.0,365,RAND,actual,42,327,ok,220,14300.0,14300.0,7040.0,0.0,7260.0,1646787.8164936472,686448.5898860978,1217845.4921675571,428942.3243260352,"{""0"": 5500, ""112"": 3740, ""327"": 5060}",{},1,"{""0"": 25, ""112"": 17, ""327"": 23}",220
swin_v2_t:selected,swin_v2_t,1.3,1.0,365,RAND,actual,73,327,ok,220,14300.0,14300.0,6380.0,0.0,7920.0,1501401.656788045,654822.2842776768,1072401.6567880008,428999.99999999,"{""0"": 5280, ""112"": 5280, ""327"": 3740}",{},1,"{""0"": 24, ""112"": 24, ""327"": 17}",220
swin_v2_t:selected,swin_v2_t,1.3,1.0,365,RAND,actual,101,327,ok,220,14300.0,14300.0,7920.0,0.0,6380.0,1504778.579112004,393454.7625963241,1075778.57911196,428999.99999998993,"{""0"": 4840, ""112"": 5940, ""327"": 3520}",{},1,"{""0"": 22, ""112"": 27, ""327"": 16}",220
swin_v2_t:selected,swin_v2_t,1.3,1.0,365,STLT,flat_battery,,327,ok,220,14300.0,14300.0,14300.0,0.0,0.0,2360087.5750130657,0.0,1957015.9231730748,403071.65183999104,"{""0"": 3300, ""112"": 1100, ""327"": 9900}","{""cheaper_candidate_block:downlink_capacity"": 20900, ""decisions"": 14300, ""nonminimum_selected"": 11000, ""rejected"": 0, ""restricted_decisions"": 0}",1,"{""0"": 15, ""112"": 5, ""327"": 45}",220
swin_v2_t:lighter75,swin_v2_t,1.3,1.3333333333333333,487,STLT,actual,,327,ok,220,11000.0,10998.0,10992.0,2.0,6.0,1732411.1129129145,926.5153835488284,1329404.015790481,403007.0971224336,"{""0"": 3300, ""112"": 1100, ""327"": 6598}","{""cheaper_candidate_block:downlink_capacity"": 14296, ""decisions"": 11000, ""nonminimum_selected"": 7698, ""rejected"": 2, ""restricted_decisions"": 2}",2,"{""0"": 15, ""112"": 5, ""327"": 30}",219
swin_v2_t:lighter75,swin_v2_t,1.3,1.3333333333333333,487,SLICE,actual,,327,ok,220,11000.0,10971.0,10947.0,29.0,24.0,2085278.006828752,4561.685577583975,2085260.5196530719,17.487175680000004,"{""327"": 10971}",{},7,"{""327"": 50}",212
swin_v2_t:lighter75,swin_v2_t,1.3,1.3333333333333333,487,TOGC,actual,,327,ok,220,11000.0,11000.0,3300.0,0.0,7700.0,428999.99999998976,83523.56812799991,0.0,428999.99999998976,"{""0"": 11000}",{},1,"{""0"": 50}",220
swin_v2_t:lighter75,swin_v2_t,1.3,1.3333333333333333,487,TOBC,actual,,327,ok,220,11000.0,10971.0,10947.0,29.0,24.0,2085278.006828752,4561.685577583975,2085260.5196530719,17.487175680000004,"{""327"": 10971}",{},7,"{""327"": 50}",212
swin_v2_t:lighter75,swin_v2_t,1.3,1.3333333333333333,487,RAND,actual,7,327,ok,220,11000.0,11000.0,7260.0,0.0,3740.0,1290503.9140129064,249737.98062884642,861503.9140128772,428999.99999998993,"{""0"": 5060, ""112"": 2200, ""327"": 3740}",{},1,"{""0"": 23, ""112"": 10, ""327"": 17}",220
swin_v2_t:lighter75,swin_v2_t,1.3,1.3333333333333333,487,RAND,actual,19,327,ok,220,11000.0,11000.0,7920.0,0.0,3080.0,1364014.0319405666,259786.70226796207,940201.4587565233,423812.5731839899,"{""0"": 3520, ""112"": 3960, ""327"": 3520}",{},1,"{""0"": 16, ""112"": 18, ""327"": 16}",220
swin_v2_t:lighter75,swin_v2_t,1.3,1.3333333333333333,487,RAND,actual,42,327,ok,220,11000.0,11000.0,7480.0,0.0,3520.0,1262114.4582849334,191220.2759329933,849816.7118528988,412297.74643199047,"{""0"": 4840, ""112"": 2640, ""327"": 3520}",{},1,"{""0"": 22, ""112"": 12, ""327"": 16}",220
swin_v2_t:lighter75,swin_v2_t,1.3,1.3333333333333333,487,RAND,actual,73,327,ok,220,11000.0,11000.0,7480.0,0.0,3520.0,1273883.3543408795,253287.62979758382,844883.354340839,428999.9999999899,"{""0"": 3740, ""112"": 4400, ""327"": 2860}",{},1,"{""0"": 17, ""112"": 20, ""327"": 13}",220
swin_v2_t:lighter75,swin_v2_t,1.3,1.3333333333333333,487,RAND,actual,101,327,ok,220,11000.0,11000.0,7260.0,0.0,3740.0,1247132.0276969653,264803.8622967838,818132.0276969232,428999.99999998993,"{""0"": 3740, ""112"": 4620, ""327"": 2640}",{},1,"{""0"": 17, ""112"": 21, ""327"": 12}",220
swin_v2_t:lighter75,swin_v2_t,1.3,1.3333333333333333,487,STLT,flat_battery,,327,ok,220,11000.0,11000.0,11000.0,0.0,0.0,1732850.5365432703,0.0,1329784.1562552794,403066.3802879909,"{""0"": 3300, ""112"": 1100, ""327"": 6600}","{""cheaper_candidate_block:downlink_capacity"": 14300, ""decisions"": 11000, ""nonminimum_selected"": 7700, ""rejected"": 0, ""restricted_decisions"": 0}",1,"{""0"": 15, ""112"": 5, ""327"": 30}",220
swin_v2_t:lighter50,swin_v2_t,1.3,2.0,730,STLT,actual,,112,ok,220,6600.0,6600.0,6600.0,0.0,0.0,896534.4852502089,0.0,493475.13369821815,403059.3515519907,"{""0"": 3300, ""112"": 1100, ""327"": 2200}","{""cheaper_candidate_block:downlink_capacity"": 5500, ""decisions"": 6600, ""nonminimum_selected"": 3300, ""rejected"": 0, ""restricted_decisions"": 0}",1,"{""0"": 15, ""112"": 5, ""327"": 10}",220
swin_v2_t:lighter50,swin_v2_t,1.3,2.0,730,SLICE,actual,,112,ok,220,6600.0,6600.0,6600.0,0.0,0.0,797400.1663897263,0.0,451923.7345177087,345476.4318719928,"{""112"": 6600}",{},1,"{""112"": 30}",220
swin_v2_t:lighter50,swin_v2_t,1.3,2.0,730,TOGC,actual,,112,ok,220,6600.0,6600.0,3300.0,0.0,3300.0,428999.99999998976,83523.56812799991,0.0,428999.99999998976,"{""0"": 6600}",{},1,"{""0"": 30}",220
swin_v2_t:lighter50,swin_v2_t,1.3,2.0,730,TOBC,actual,,112,ok,220,6600.0,6600.0,6600.0,0.0,0.0,1254474.0769395928,0.0,1254463.5338355924,10.543103999999994,"{""327"": 6600}",{},1,"{""327"": 30}",220
swin_v2_t:lighter50,swin_v2_t,1.3,2.0,730,RAND,actual,7,112,ok,220,6600.0,6600.0,5940.0,0.0,660.0,845612.4776719206,36957.3192359374,466723.8070543025,378888.6706175916,"{""0"": 3300, ""112"": 1320, ""327"": 1980}",{},1,"{""0"": 15, ""112"": 6, ""327"": 9}",220
swin_v2_t:lighter50,swin_v2_t,1.3,2.0,730,RAND,actual,19,112,ok,220,6600.0,6600.0,6160.0,0.0,440.0,889163.91054528,58519.81331665308,526980.3049900522,362183.6055551922,"{""0"": 2420, ""112"": 2200, ""327"": 1980}",{},1,"{""0"": 11, ""112"": 10, ""327"": 9}",220
swin_v2_t:lighter50,swin_v2_t,1.3,2.0,730,RAND,actual,42,112,ok,220,6600.0,6600.0,6380.0,0.0,220.0,954698.1653722401,16704.01075199998,615544.5647578184,339153.600614393,"{""0"": 3080, ""112"": 440, ""327"": 3080}",{},1,"{""0"": 14, ""112"": 2, ""327"": 14}",220
swin_v2_t:lighter50,swin_v2_t,1.3,2.0,730,RAND,actual,73,112,ok,220,6600.0,6600.0,6600.0,0.0,0.0,872116.5547245224,0.0,503605.9006700957,368510.6540543919,"{""0"": 1980, ""112"": 3080, ""327"": 1540}",{},1,"{""0"": 9, ""112"": 14, ""327"": 7}",220
swin_v2_t:lighter50,swin_v2_t,1.3,2.0,730,RAND,actual,101,112,ok,220,6600.0,6600.0,6160.0,0.0,440.0,873928.4649637663,62068.408174990516,500228.9783461365,373699.4866175918,"{""0"": 2420, ""112"": 2420, ""327"": 1760}",{},1,"{""0"": 11, ""112"": 11, ""327"": 8}",220
swin_v2_t:lighter50,swin_v2_t,1.3,2.0,730,STLT,flat_battery,,112,ok,220,6600.0,6600.0,6600.0,0.0,0.0,896534.4852502089,0.0,493475.13369821815,403059.3515519907,"{""0"": 3300, ""112"": 1100, ""327"": 2200}","{""cheaper_candidate_block:downlink_capacity"": 5500, ""decisions"": 6600, ""nonminimum_selected"": 3300, ""rejected"": 0, ""restricted_decisions"": 0}",1,"{""0"": 15, ""112"": 5, ""327"": 10}",220
efficientnet_b4:selected,efficientnet_b4,1.3,1.0,119,STLT,actual,,502,ok,220,46200.0,46102.0,46046.0,98.0,56.0,2052180.1270175395,1374.303577750234,1633008.5356639782,419171.5913535614,"{""164"": 27499, ""502"": 18603}","{""cheaper_candidate_block:downlink_capacity"": 37206, ""decisions"": 46200, ""nonminimum_selected"": 18603, ""rejected"": 98, ""restricted_decisions"": 110}",10,"{""164"": 125, ""502"": 85}",211
efficientnet_b4:selected,efficientnet_b4,1.3,1.0,119,SLICE,actual,,502,ok,220,46200.0,41730.0,38328.0,4470.0,3402.0,2622778.9312182334,213813.14902813183,2622699.208978226,79.72224000000027,"{""502"": 41730}",{},52,"{""502"": 210}",29
efficientnet_b4:selected,efficientnet_b4,1.3,1.0,119,TOGC,actual,,502,ok,220,46200.0,46200.0,3300.0,0.0,42900.0,428999.99999998976,83523.56812799991,0.0,428999.99999998976,"{""0"": 46200}",{},1,"{""0"": 210}",220
efficientnet_b4:selected,efficientnet_b4,1.3,1.0,119,TOBC,actual,,502,ok,220,46200.0,41730.0,38328.0,4470.0,3402.0,2622778.9312182334,213813.14902813183,2622699.208978226,79.72224000000027,"{""502"": 41730}",{},52,"{""502"": 210}",29
efficientnet_b4:selected,efficientnet_b4,1.3,1.0,119,RAND,actual,7,502,ok,220,46200.0,46200.0,10120.0,0.0,36080.0,1329993.2085896174,720593.8999985603,900993.208589572,428999.99999998993,"{""0"": 10780, ""102"": 7480, ""164"": 10120, ""40"": 8140, ""502"": 9680}",{},1,"{""0"": 49, ""102"": 34, ""164"": 46, ""40"": 37, ""502"": 44}",220
efficientnet_b4:selected,efficientnet_b4,1.3,1.0,119,RAND,actual,19,502,ok,220,46200.0,46200.0,10340.0,0.0,35860.0,1325014.1534120238,722959.9542675928,896014.153411978,428999.99999998976,"{""0"": 10340, ""102"": 9020, ""164"": 10780, ""40"": 6820, ""502"": 9240}",{},1,"{""0"": 47, ""102"": 41, ""164"": 49, ""40"": 31, ""502"": 42}",220
efficientnet_b4:selected,efficientnet_b4,1.3,1.0,119,RAND,actual,42,502,ok,220,46200.0,46200.0,8140.0,0.0,38060.0,1299302.9648425372,751158.8533391838,870302.9648425004,428999.9999999899,"{""0"": 10560, ""102"": 8800, ""164"": 6820, ""40"": 10340, ""502"": 9680}",{},1,"{""0"": 48, ""102"": 40, ""164"": 31, ""40"": 47, ""502"": 44}",220
efficientnet_b4:selected,efficientnet_b4,1.3,1.0,119,RAND,actual,73,502,ok,220,46200.0,46200.0,10120.0,0.0,36080.0,1259266.0219772463,691082.0673209254,830266.0219772087,428999.9999999898,"{""0"": 10560, ""102"": 8140, ""164"": 11220, ""40"": 8140, ""502"": 8140}",{},1,"{""0"": 48, ""102"": 37, ""164"": 51, ""40"": 37, ""502"": 37}",220
efficientnet_b4:selected,efficientnet_b4,1.3,1.0,119,RAND,actual,101,502,ok,220,46200.0,46200.0,10560.0,0.0,35640.0,1239542.0285422616,624541.2212938801,810542.0285422255,428999.99999999,"{""0"": 9680, ""102"": 10120, ""164"": 9240, ""40"": 9240, ""502"": 7920}",{},1,"{""0"": 44, ""102"": 46, ""164"": 42, ""40"": 42, ""502"": 36}",220
efficientnet_b4:selected,efficientnet_b4,1.3,1.0,119,STLT,flat_battery,,502,ok,220,46200.0,46200.0,46200.0,0.0,0.0,2059010.5062672808,0.0,1639121.7798672898,419888.7263999909,"{""164"": 27500, ""502"": 18700}","{""cheaper_candidate_block:downlink_capacity"": 37400, ""decisions"": 46200, ""nonminimum_selected"": 18700, ""rejected"": 0, ""restricted_decisions"": 0}",1,"{""164"": 125, ""502"": 85}",220
efficientnet_b4:lighter75,efficientnet_b4,1.3,1.3333333333333333,159,STLT,actual,,502,ok,220,35200.0,35200.0,35200.0,0.0,0.0,1367645.8745596218,0.0,947780.0281596307,419865.84639999113,"{""164"": 27500, ""502"": 7700}","{""cheaper_candidate_block:downlink_capacity"": 15400, ""decisions"": 35200, ""nonminimum_selected"": 7700, ""rejected"": 0, ""restricted_decisions"": 0}",1,"{""164"": 125, ""502"": 35}",220
efficientnet_b4:lighter75,efficientnet_b4,1.3,1.3333333333333333,159,SLICE,actual,,502,ok,220,35200.0,35050.0,34804.0,150.0,246.0,2202938.610261222,15460.915538189429,2202866.217941216,72.39232000000018,"{""502"": 35050}",{},13,"{""502"": 160}",204
efficientnet_b4:lighter75,efficientnet_b4,1.3,1.3333333333333333,159,TOGC,actual,,502,ok,220,35200.0,35200.0,3300.0,0.0,31900.0,428999.99999998976,83523.56812799991,0.0,428999.99999998976,"{""0"": 35200}",{},1,"{""0"": 160}",220
efficientnet_b4:lighter75,efficientnet_b4,1.3,1.3333333333333333,159,TOBC,actual,,502,ok,220,35200.0,35050.0,34804.0,150.0,246.0,2202938.610261222,15460.915538189429,2202866.217941216,72.39232000000018,"{""502"": 35050}",{},13,"{""502"": 160}",204
efficientnet_b4:lighter75,efficientnet_b4,1.3,1.3333333333333333,159,RAND,actual,7,502,ok,220,35200.0,35200.0,8360.0,0.0,26840.0,1145444.6858254557,617033.599145516,716444.685825417,428999.9999999899,"{""0"": 7480, ""102"": 6160, ""164"": 7040, ""40"": 6600, ""502"": 7920}",{},1,"{""0"": 34, ""102"": 28, ""164"": 32, ""40"": 30, ""502"": 36}",220
efficientnet_b4:lighter75,efficientnet_b4,1.3,1.3333333333333333,159,RAND,actual,19,502,ok,220,35200.0,35200.0,9020.0,0.0,26180.0,1110921.4066088905,548453.1276318876,681921.406608856,428999.9999999898,"{""0"": 7700, ""102"": 6380, ""164"": 8360, ""40"": 5720, ""502"": 7040}",{},1,"{""0"": 35, ""102"": 29, ""164"": 38, ""40"": 26, ""502"": 32}",220
efficientnet_b4:lighter75,efficientnet_b4,1.3,1.3333333333333333,159,RAND,actual,42,502,ok,220,35200.0,35200.0,8360.0,0.0,26840.0,1094483.446483498,550416.6470823243,665483.4464834677,428999.99999998993,"{""0"": 7700, ""102"": 7260, ""164"": 5500, ""40"": 7480, ""502"": 7260}",{},1,"{""0"": 35, ""102"": 33, ""164"": 25, ""40"": 34, ""502"": 33}",220
efficientnet_b4:lighter75,efficientnet_b4,1.3,1.3333333333333333,159,RAND,actual,73,502,ok,220,35200.0,35200.0,8800.0,0.0,26400.0,1067230.8833544129,544954.0492823704,638230.8833543826,428999.9999999898,"{""0"": 7480, ""102"": 6160, ""164"": 9020, ""40"": 6380, ""502"": 6160}",{},1,"{""0"": 34, ""102"": 28, ""164"": 41, ""40"": 29, ""502"": 28}",220
efficientnet_b4:lighter75,efficientnet_b4,1.3,1.3333333333333333,159,RAND,actual,101,502,ok,220,35200.0,35200.0,11000.0,0.0,24200.0,1015844.195424934,376094.3761140541,586844.1954249043,428999.99999998976,"{""0"": 7260, ""102"": 7700, ""164"": 7040, ""40"": 7700, ""502"": 5500}",{},1,"{""0"": 33, ""102"": 35, ""164"": 32, ""40"": 35, ""502"": 25}",220
efficientnet_b4:lighter75,efficientnet_b4,1.3,1.3333333333333333,159,STLT,flat_battery,,502,ok,220,35200.0,35200.0,35200.0,0.0,0.0,1367645.8745596218,0.0,947780.0281596307,419865.84639999113,"{""164"": 27500, ""502"": 7700}","{""cheaper_candidate_block:downlink_capacity"": 15400, ""decisions"": 35200, ""nonminimum_selected"": 7700, ""rejected"": 0, ""restricted_decisions"": 0}",1,"{""164"": 125, ""502"": 35}",220
efficientnet_b4:lighter50,efficientnet_b4,1.3,2.0,238,STLT,actual,,164,ok,220,23100.0,23100.0,23100.0,0.0,0.0,742300.1311859817,0.0,389626.2736499884,352673.85753599333,"{""164"": 23100}","{""decisions"": 23100, ""nonminimum_selected"": 0, ""rejected"": 0, ""restricted_decisions"": 0}",1,"{""164"": 105}",220
efficientnet_b4:lighter50,efficientnet_b4,1.3,2.0,238,SLICE,actual,,164,ok,220,23100.0,23100.0,23100.0,0.0,0.0,742300.1311860003,0.0,389626.2736499884,352673.85753599333,"{""164"": 23100}",{},1,"{""164"": 105}",220
efficientnet_b4:lighter50,efficientnet_b4,1.3,2.0,238,TOGC,actual,,164,ok,220,23100.0,23100.0,3300.0,0.0,19800.0,428999.99999998976,83523.56812799991,0.0,428999.99999998976,"{""0"": 23100}",{},1,"{""0"": 105}",220
efficientnet_b4:lighter50,efficientnet_b4,1.3,2.0,238,TOBC,actual,,164,ok,220,23100.0,23100.0,23100.0,0.0,0.0,1451865.7265860855,0.0,1451817.6785860818,48.04799999999997,"{""502"": 23100}",{},1,"{""502"": 105}",220
efficientnet_b4:lighter50,efficientnet_b4,1.3,2.0,238,RAND,actual,7,164,ok,220,23100.0,23100.0,9460.0,0.0,13640.0,940419.1726338376,302181.0767722475,511419.1726338066,428999.9999999897,"{""0"": 5940, ""102"": 3740, ""164"": 3960, ""40"": 3300, ""502"": 6160}",{},1,"{""0"": 27, ""102"": 17, ""164"": 18, ""40"": 15, ""502"": 28}",220
efficientnet_b4:lighter50,efficientnet_b4,1.3,2.0,238,RAND,actual,19,164,ok,220,23100.0,23100.0,9460.0,0.0,13640.0,858999.6920715519,265752.97104125243,429999.6920715222,428999.99999998993,"{""0"": 5280, ""102"": 3520, ""164"": 6600, ""40"": 3520, ""502"": 4180}",{},1,"{""0"": 24, ""102"": 16, ""164"": 30, ""40"": 16, ""502"": 19}",220
efficientnet_b4:lighter50,efficientnet_b4,1.3,2.0,238,RAND,actual,42,164,ok,220,23100.0,23100.0,8360.0,0.0,14740.0,829816.13056795,315675.737834107,400816.130567927,428999.99999998976,"{""0"": 5060, ""102"": 5060, ""164"": 3300, ""40"": 5500, ""502"": 4180}",{},1,"{""0"": 23, ""102"": 23, ""164"": 15, ""40"": 25, ""502"": 19}",220
efficientnet_b4:lighter50,efficientnet_b4,1.3,2.0,238,RAND,actual,73,164,ok,220,23100.0,23100.0,9900.0,0.0,13200.0,807952.8790128926,228419.2735947658,378952.8790128632,428999.9999999898,"{""0"": 5720, ""102"": 3960, ""164"": 5500, ""40"": 4400, ""502"": 3520}",{},1,"{""0"": 26, ""102"": 18, ""164"": 25, ""40"": 20, ""502"": 16}",220
efficientnet_b4:lighter50,efficientnet_b4,1.3,2.0,238,RAND,actual,101,164,ok,220,23100.0,23100.0,10120.0,0.0,12980.0,838891.826909374,244108.85203134723,409891.82690935396,428999.99999998976,"{""0"": 4620, ""102"": 4400, ""164"": 5280, ""40"": 4840, ""502"": 3960}",{},1,"{""0"": 21, ""102"": 20, ""164"": 24, ""40"": 22, ""502"": 18}",220
efficientnet_b4:lighter50,efficientnet_b4,1.3,2.0,238,STLT,flat_battery,,164,ok,220,23100.0,23100.0,23100.0,0.0,0.0,742300.1311859817,0.0,389626.2736499884,352673.85753599333,"{""164"": 23100}","{""decisions"": 23100, ""nonminimum_selected"": 0, ""rejected"": 0, ""restricted_decisions"": 0}",1,"{""164"": 105}",220
resnet50:selected,resnet50,1.3,1.0,319,STLT,actual,,175,ok,220,16500.0,15737.0,15328.0,763.0,409.0,2469458.8566753147,55474.35262105498,2132537.776719893,336921.07995542197,"{""0"": 3294, ""175"": 12443}","{""cheaper_candidate_block:downlink_capacity"": 12443, ""decisions"": 16500, ""nonminimum_selected"": 12443, ""rejected"": 763, ""restricted_decisions"": 771}",19,"{""0"": 15, ""175"": 60}",81
resnet50:selected,resnet50,1.3,1.0,319,SLICE,actual,,175,ok,220,16500.0,15122.0,14219.0,1378.0,903.0,2591706.5231659245,154760.23566487685,2591676.9476459217,29.575519999999983,"{""175"": 15122}",{},23,"{""175"": 75}",47
resnet50:selected,resnet50,1.3,1.0,319,TOGC,actual,,175,ok,220,16500.0,16500.0,3300.0,0.0,13200.0,428999.99999998976,83523.56812799991,0.0,428999.99999998976,"{""0"": 16500}",{},1,"{""0"": 75}",220
resnet50:selected,resnet50,1.3,1.0,319,TOBC,actual,,175,ok,220,16500.0,15122.0,14219.0,1378.0,903.0,2591706.5231659245,154760.23566487685,2591676.9476459217,29.575519999999983,"{""175"": 15122}",{},23,"{""175"": 75}",47
resnet50:selected,resnet50,1.3,1.0,319,RAND,actual,7,175,ok,220,16500.0,16500.0,6153.0,0.0,10347.0,1710682.8862605726,876107.0464490572,1281956.3264377404,428726.5598227809,"{""0"": 9020, ""175"": 7480}",{},1,"{""0"": 41, ""175"": 34}",220
resnet50:selected,resnet50,1.3,1.0,319,RAND,actual,19,175,ok,220,16500.0,16494.0,8334.0,6.0,8160.0,1936032.6908318067,727395.8552019646,1507841.1443849255,428191.54644688434,"{""0"": 7696, ""175"": 8798}",{},3,"{""0"": 35, ""175"": 40}",218
resnet50:selected,resnet50,1.3,1.0,319,RAND,actual,42,175,ok,220,16500.0,16500.0,6380.0,0.0,10120.0,1635526.4998457418,762179.2918640408,1206547.130764932,428979.36908075697,"{""0"": 9460, ""175"": 7040}",{},1,"{""0"": 43, ""175"": 32}",220
resnet50:selected,resnet50,1.3,1.0,319,RAND,actual,73,175,ok,220,16500.0,16496.0,8348.0,4.0,8148.0,1898185.1620128884,687148.9137643655,1469965.1620129012,428219.99999998976,"{""0"": 7919, ""175"": 8577}",{},3,"{""0"": 36, ""175"": 39}",218
resnet50:selected,resnet50,1.3,1.0,319,RAND,actual,101,175,ok,220,16500.0,16497.0,7690.0,3.0,8807.0,1860994.717783362,762730.8626127937,1432774.717783357,428219.9999999897,"{""0"": 8137, ""175"": 8360}",{},2,"{""0"": 37, ""175"": 38}",219
resnet50:selected,resnet50,1.3,1.0,319,STLT,flat_battery,,175,ok,220,16500.0,16500.0,16500.0,0.0,0.0,2607779.7580562388,0.0,2262275.8701842465,345503.8878719924,"{""0"": 3300, ""175"": 13200}","{""cheaper_candidate_block:downlink_capacity"": 13200, ""decisions"": 16500, ""nonminimum_selected"": 13200, ""rejected"": 0, ""restricted_decisions"": 0}",1,"{""0"": 15, ""175"": 60}",220
resnet50:lighter75,resnet50,1.3,1.3333333333333333,426,STLT,actual,,175,ok,220,12100.0,12094.0,12078.0,6.0,16.0,1852229.254686317,1987.6269628995133,1507155.6062424453,345073.6484438718,"{""0"": 3300, ""175"": 8794}","{""cheaper_candidate_block:downlink_capacity"": 8794, ""decisions"": 12100, ""nonminimum_selected"": 8794, ""rejected"": 6, ""restricted_decisions"": 6}",4,"{""0"": 15, ""175"": 40}",217
resnet50:lighter75,resnet50,1.3,1.3333333333333333,426,SLICE,actual,,175,ok,220,12100.0,12072.0,12033.0,28.0,39.0,2068979.1426448682,6683.9968891807275,2068954.1140048662,25.028639999999985,"{""175"": 12072}",{},6,"{""175"": 55}",213
resnet50:lighter75,resnet50,1.3,1.3333333333333333,426,TOGC,actual,,175,ok,220,12100.0,12100.0,3300.0,0.0,8800.0,428999.99999998976,83523.56812799991,0.0,428999.99999998976,"{""0"": 12100}",{},1,"{""0"": 55}",220
resnet50:lighter75,resnet50,1.3,1.3333333333333333,426,TOBC,actual,,175,ok,220,12100.0,12072.0,12033.0,28.0,39.0,2068979.1426448682,6683.9968891807275,2068954.1140048662,25.028639999999985,"{""175"": 12072}",{},6,"{""175"": 55}",213
resnet50:lighter75,resnet50,1.3,1.3333333333333333,426,RAND,actual,7,175,ok,220,12100.0,12100.0,5060.0,0.0,7040.0,1296205.7502373247,649088.8748740614,867205.7502372942,428999.9999999897,"{""0"": 7040, ""175"": 5060}",{},1,"{""0"": 32, ""175"": 23}",220
resnet50:lighter75,resnet50,1.3,1.3333333333333333,426,RAND,actual,19,175,ok,220,12100.0,12100.0,7040.0,0.0,5060.0,1447024.1415829568,460561.7672920409,1018024.1415829109,428999.99999998976,"{""0"": 6160, ""175"": 5940}",{},1,"{""0"": 28, ""175"": 27}",220
resnet50:lighter75,resnet50,1.3,1.3333333333333333,426,RAND,actual,42,175,ok,220,12100.0,12100.0,5940.0,0.0,6160.0,1258501.1524009225,460564.05529204087,829501.1524008901,428999.9999999897,"{""0"": 7260, ""175"": 4840}",{},1,"{""0"": 33, ""175"": 22}",220
resnet50:lighter75,resnet50,1.3,1.3333333333333333,426,RAND,actual,73,175,ok,220,12100.0,12100.0,8800.0,0.0,3300.0,1447024.1415829572,158921.32380080817,1018024.1415829109,428999.9999999897,"{""0"": 6160, ""175"": 5940}",{},1,"{""0"": 28, ""175"": 27}",220
resnet50:lighter75,resnet50,1.3,1.3333333333333333,426,RAND,actual,101,175,ok,220,12100.0,12100.0,7260.0,0.0,4840.0,1560137.935092169,535970.5053648491,1131137.9350921235,428999.9999999899,"{""0"": 5500, ""175"": 6600}",{},1,"{""0"": 25, ""175"": 30}",220
resnet50:lighter75,resnet50,1.3,1.3333333333333333,426,STLT,flat_battery,,175,ok,220,12100.0,12100.0,12100.0,0.0,0.0,1853678.6493281578,0.0,1508183.9134561655,345494.7358719925,"{""0"": 3300, ""175"": 8800}","{""cheaper_candidate_block:downlink_capacity"": 8800, ""decisions"": 12100, ""nonminimum_selected"": 8800, ""rejected"": 0, ""restricted_decisions"": 0}",1,"{""0"": 15, ""175"": 40}",220
resnet50:lighter50,resnet50,1.3,2.0,638,STLT,actual,,175,ok,220,7700.0,7700.0,7700.0,0.0,0.0,1099577.5406000745,0.0,754091.9567280819,345485.5838719926,"{""0"": 3300, ""175"": 4400}","{""cheaper_candidate_block:downlink_capacity"": 4400, ""decisions"": 7700, ""nonminimum_selected"": 4400, ""rejected"": 0, ""restricted_decisions"": 0}",1,"{""0"": 15, ""175"": 20}",220
resnet50:lighter50,resnet50,1.3,2.0,638,SLICE,actual,,175,ok,220,7700.0,7700.0,7700.0,0.0,0.0,1319676.9402741457,0.0,1319660.9242741445,16.01599999999999,"{""175"": 7700}",{},1,"{""175"": 35}",220
resnet50:lighter50,resnet50,1.3,2.0,638,TOGC,actual,,175,ok,220,7700.0,7700.0,3300.0,0.0,4400.0,428999.99999998976,83523.56812799991,0.0,428999.99999998976,"{""0"": 7700}",{},1,"{""0"": 35}",220
resnet50:lighter50,resnet50,1.3,2.0,638,TOBC,actual,,175,ok,220,7700.0,7700.0,7700.0,0.0,0.0,1319676.9402741457,0.0,1319660.9242741445,16.01599999999999,"{""175"": 7700}",{},1,"{""175"": 35}",220
resnet50:lighter50,resnet50,1.3,2.0,638,RAND,actual,7,175,ok,220,7700.0,7700.0,4400.0,0.0,3300.0,843750.5762004657,309748.86714642454,414750.5762004451,428999.9999999897,"{""0"": 5280, ""175"": 2420}",{},1,"{""0"": 24, ""175"": 11}",220
resnet50:lighter50,resnet50,1.3,2.0,638,RAND,actual,19,175,ok,220,7700.0,7700.0,6820.0,0.0,880.0,1028214.3855544998,50110.48007679995,678682.7610552737,349531.6244991924,"{""0"": 3740, ""175"": 3960}",{},1,"{""0"": 17, ""175"": 18}",220
resnet50:lighter50,resnet50,1.3,2.0,638,RAND,actual,42,175,ok,220,7700.0,7700.0,6160.0,0.0,1540.0,885754.0054220669,50111.852876799945,490159.7718732533,395594.2335487908,"{""0"": 4840, ""175"": 2860}",{},1,"{""0"": 22, ""175"": 13}",220
resnet50:lighter50,resnet50,1.3,2.0,638,RAND,actual,73,175,ok,220,7700.0,7700.0,6380.0,0.0,1320.0,1086920.6980017046,184226.9033968164,754091.9567280819,332828.7412735931,"{""0"": 3300, ""175"": 4400}",{},1,"{""0"": 15, ""175"": 20}",220
resnet50:lighter50,resnet50,1.3,2.0,638,RAND,actual,101,175,ok,220,7700.0,7700.0,7260.0,0.0,440.0,1093249.1193009026,54408.39626200409,754091.9567280819,339157.1625727928,"{""0"": 3300, ""175"": 4400}",{},1,"{""0"": 15, ""175"": 20}",220
resnet50:lighter50,resnet50,1.3,2.0,638,STLT,flat_battery,,175,ok,220,7700.0,7700.0,7700.0,0.0,0.0,1099577.5406000745,0.0,754091.9567280819,345485.5838719926,"{""0"": 3300, ""175"": 4400}","{""cheaper_candidate_block:downlink_capacity"": 4400, ""decisions"": 7700, ""nonminimum_selected"": 4400, ""rejected"": 0, ""restricted_decisions"": 0}",1,"{""0"": 15, ""175"": 20}",220
densenet169:selected,densenet169,1.3,1.0,269,STLT,actual,,599,ok,220,19800.0,18784.0,18346.0,1016.0,438.0,2476167.9065903565,48413.64475725319,2064080.6332080043,412087.27338235226,"{""0"": 3294, ""140"": 2181, ""599"": 13309}","{""cheaper_candidate_block:downlink_capacity"": 28799, ""decisions"": 19800, ""nonminimum_selected"": 15490, ""rejected"": 1016, ""restricted_decisions"": 1024}",23,"{""0"": 15, ""140"": 10, ""599"": 65}",75
densenet169:selected,densenet169,1.3,1.0,269,SLICE,actual,,599,ok,220,19800.0,18337.0,17201.0,1463.0,1136.0,2582204.8639107132,159968.59254532823,2582169.08583071,35.77807999999998,"{""599"": 18337}",{},24,"{""599"": 90}",55
densenet169:selected,densenet169,1.3,1.0,269,TOGC,actual,,599,ok,220,19800.0,19800.0,3300.0,0.0,16500.0,428999.99999998976,83523.56812799991,0.0,428999.99999998976,"{""0"": 19800}",{},1,"{""0"": 90}",220
densenet169:selected,densenet169,1.3,1.0,269,TOBC,actual,,599,ok,220,19800.0,18337.0,17201.0,1463.0,1136.0,2582204.8639107132,159968.59254532823,2582169.08583071,35.77807999999998,"{""599"": 18337}",{},24,"{""599"": 90}",55
densenet169:selected,densenet169,1.3,1.0,269,RAND,actual,7,599,ok,220,19800.0,19797.0,7032.0,3.0,12765.0,1879177.7397437948,1028663.2051054029,1450957.739743803,428219.99999998964,"{""0"": 7479, ""140"": 5279, ""599"": 7039}",{},2,"{""0"": 34, ""140"": 24, ""599"": 32}",219
densenet169:selected,densenet169,1.3,1.0,269,RAND,actual,19,599,ok,220,19800.0,19796.0,8564.0,4.0,11232.0,1900860.6245724573,847977.3244858402,1472640.6245724703,428219.9999999898,"{""0"": 6820, ""140"": 6600, ""599"": 6376}",{},3,"{""0"": 31, ""140"": 30, ""599"": 29}",218
densenet169:selected,densenet169,1.3,1.0,269,RAND,actual,42,599,ok,220,19800.0,19798.0,7250.0,2.0,12548.0,1836533.6873336905,960065.169732818,1408244.7873336698,428288.89999998984,"{""0"": 7699, ""140"": 5500, ""599"": 6599}",{},2,"{""0"": 35, ""140"": 25, ""599"": 30}",219
densenet169:selected,densenet169,1.3,1.0,269,RAND,actual,73,599,ok,220,19800.0,19800.0,8133.0,0.0,11667.0,1742430.3348873905,746939.8476530643,1313823.9363637622,428606.39852357394,"{""0"": 7700, ""140"": 7260, ""599"": 4840}",{},1,"{""0"": 35, ""140"": 33, ""599"": 22}",220
densenet169:selected,densenet169,1.3,1.0,269,RAND,actual,101,599,ok,220,19800.0,19797.0,9222.0,3.0,10575.0,1873021.0497362756,735464.7125869642,1444801.0497362802,428219.99999998976,"{""0"": 6599, ""140"": 7700, ""599"": 5498}",{},2,"{""0"": 30, ""140"": 35, ""599"": 25}",219
densenet169:selected,densenet169,1.3,1.0,269,STLT,flat_battery,,599,ok,220,19800.0,19800.0,19800.0,0.0,0.0,2627564.110548523,0.0,2205285.394260533,422278.71628798964,"{""0"": 3300, ""140"": 2200, ""599"": 14300}","{""cheaper_candidate_block:downlink_capacity"": 30800, ""decisions"": 19800, ""nonminimum_selected"": 16500, ""rejected"": 0, ""restricted_decisions"": 0}",1,"{""0"": 15, ""140"": 10, ""599"": 65}",220
densenet169:lighter75,densenet169,1.3,1.3333333333333333,359,STLT,actual,,599,ok,220,15400.0,15368.0,15346.0,32.0,22.0,2002749.4153734224,2101.720730578116,1581182.5754569268,421566.8399164954,"{""0"": 3300, ""140"": 2200, ""599"": 9868}","{""cheaper_candidate_block:downlink_capacity"": 21936, ""decisions"": 15400, ""nonminimum_selected"": 12068, ""rejected"": 32, ""restricted_decisions"": 32}",6,"{""0"": 15, ""140"": 10, ""599"": 45}",213
densenet169:lighter75,densenet169,1.3,1.3333333333333333,359,SLICE,actual,,599,ok,220,15400.0,15344.0,15276.0,56.0,68.0,2160734.312826056,9575.584765037253,2160702.5387460534,31.774079999999984,"{""599"": 15344}",{},9,"{""599"": 70}",207
densenet169:lighter75,densenet169,1.3,1.3333333333333333,359,TOGC,actual,,599,ok,220,15400.0,15400.0,3300.0,0.0,12100.0,428999.99999998976,83523.56812799991,0.0,428999.99999998976,"{""0"": 15400}",{},1,"{""0"": 70}",220
densenet169:lighter75,densenet169,1.3,1.3333333333333333,359,TOBC,actual,,599,ok,220,15400.0,15344.0,15276.0,56.0,68.0,2160734.312826056,9575.584765037253,2160702.5387460534,31.774079999999984,"{""599"": 15344}",{},9,"{""599"": 70}",207
densenet169:lighter75,densenet169,1.3,1.3333333333333333,359,RAND,actual,7,599,ok,220,15400.0,15400.0,8580.0,0.0,6820.0,1541029.6518751422,485173.54094268195,1112029.651875098,428999.99999998976,"{""0"": 6160, ""140"": 3520, ""599"": 5720}",{},1,"{""0"": 28, ""140"": 16, ""599"": 26}",220
densenet169:lighter75,densenet169,1.3,1.3333333333333333,359,RAND,actual,19,599,ok,220,15400.0,15400.0,9020.0,0.0,6380.0,1582207.5242847577,473354.24759356654,1153207.524284714,428999.99999998964,"{""0"": 5280, ""140"": 5060, ""599"": 5060}",{},1,"{""0"": 24, ""140"": 23, ""599"": 23}",220
densenet169:lighter75,densenet169,1.3,1.3333333333333333,359,RAND,actual,42,599,ok,220,15400.0,15400.0,7260.0,0.0,8140.0,1529209.443326027,651624.8435116204,1100209.4433259831,428999.99999998964,"{""0"": 6160, ""140"": 3740, ""599"": 5500}",{},1,"{""0"": 28, ""140"": 17, ""599"": 25}",220
densenet169:lighter75,densenet169,1.3,1.3333333333333333,359,RAND,actual,73,599,ok,220,15400.0,15400.0,7040.0,0.0,8360.0,1515767.0655740558,672967.8728540462,1086767.065574012,428999.9999999897,"{""0"": 5500, ""140"": 5720, ""599"": 4180}",{},1,"{""0"": 25, ""140"": 26, ""599"": 19}",220
densenet169:lighter75,densenet169,1.3,1.3333333333333333,359,RAND,actual,101,599,ok,220,15400.0,15400.0,7920.0,0.0,7480.0,1511286.2729900654,557334.4496156536,1082286.272990022,428999.9999999897,"{""0"": 5280, ""140"": 6380, ""599"": 3740}",{},1,"{""0"": 24, ""140"": 29, ""599"": 17}",220
densenet169:lighter75,densenet169,1.3,1.3333333333333333,359,STLT,flat_battery,,599,ok,220,15400.0,15400.0,15400.0,0.0,0.0,2007958.297281405,0.0,1585688.732993415,422269.56428798975,"{""0"": 3300, ""140"": 2200, ""599"": 9900}","{""cheaper_candidate_block:downlink_capacity"": 22000, ""decisions"": 15400, ""nonminimum_selected"": 12100, ""rejected"": 0, ""restricted_decisions"": 0}",1,"{""0"": 15, ""140"": 10, ""599"": 45}",220
densenet169:lighter50,densenet169,1.3,2.0,538,STLT,actual,,599,ok,220,9900.0,9900.0,9900.0,0.0,0.0,1233451.0306975106,0.0,811192.9064095208,422258.12428798986,"{""0"": 3300, ""140"": 2200, ""599"": 4400}","{""cheaper_candidate_block:downlink_capacity"": 11000, ""decisions"": 9900, ""nonminimum_selected"": 6600, ""rejected"": 0, ""restricted_decisions"": 0}",1,"{""0"": 15, ""140"": 10, ""599"": 20}",220
densenet169:lighter50,densenet169,1.3,2.0,538,SLICE,actual,,599,ok,220,9900.0,9900.0,9900.0,0.0,0.0,1394113.0798510124,0.0,1394092.4878510109,20.591999999999988,"{""599"": 9900}",{},1,"{""599"": 45}",220
densenet169:lighter50,densenet169,1.3,2.0,538,TOGC,actual,,599,ok,220,9900.0,9900.0,3300.0,0.0,6600.0,428999.99999998976,83523.56812799991,0.0,428999.99999998976,"{""0"": 9900}",{},1,"{""0"": 45}",220
densenet169:lighter50,densenet169,1.3,2.0,538,TOBC,actual,,599,ok,220,9900.0,9900.0,9900.0,0.0,0.0,1394113.0798510124,0.0,1394092.4878510109,20.591999999999988,"{""599"": 9900}",{},1,"{""599"": 45}",220
densenet169:lighter50,densenet169,1.3,2.0,538,RAND,actual,7,599,ok,220,9900.0,9900.0,7480.0,0.0,2420.0,1054313.9080294159,145072.42619871767,625313.9080293861,428999.99999998976,"{""0"": 4620, ""140"": 2200, ""599"": 3080}",{},1,"{""0"": 21, ""140"": 10, ""599"": 14}",220
densenet169:lighter50,densenet169,1.3,2.0,538,RAND,actual,19,599,ok,220,9900.0,9900.0,9020.0,0.0,880.0,1145727.6942969481,37212.71328224045,728451.4465657136,417276.24773119006,"{""0"": 3300, ""140"": 3740, ""599"": 2860}",{},1,"{""0"": 15, ""140"": 17, ""599"": 13}",220
densenet169:lighter50,densenet169,1.3,2.0,538,RAND,actual,42,599,ok,220,9900.0,9900.0,7480.0,0.0,2420.0,1080411.0664162843,163559.35172350786,668113.9496418574,412297.1167743904,"{""0"": 4400, ""140"": 1980, ""599"": 3520}",{},1,"{""0"": 20, ""140"": 9, ""599"": 16}",220
densenet169:lighter50,densenet169,1.3,2.0,538,RAND,actual,73,599,ok,220,9900.0,9900.0,8580.0,0.0,1320.0,1108081.1442579103,53916.51170784044,704811.0294674829,403270.11479039065,"{""0"": 3300, ""140"": 4180, ""599"": 2420}",{},1,"{""0"": 15, ""140"": 19, ""599"": 11}",220
densenet169:lighter50,densenet169,1.3,2.0,538,RAND,actual,101,599,ok,220,9900.0,9900.0,8360.0,0.0,1540.0,1127579.9796486292,103719.04640896185,716631.2380165983,410948.74163199036,"{""0"": 3300, ""140"": 3960, ""599"": 2640}",{},1,"{""0"": 15, ""140"": 18, ""599"": 12}",220
densenet169:lighter50,densenet169,1.3,2.0,538,STLT,flat_battery,,599,ok,220,9900.0,9900.0,9900.0,0.0,0.0,1233451.0306975106,0.0,811192.9064095208,422258.12428798986,"{""0"": 3300, ""140"": 2200, ""599"": 4400}","{""cheaper_candidate_block:downlink_capacity"": 11000, ""decisions"": 9900, ""nonminimum_selected"": 6600, ""rejected"": 0, ""restricted_decisions"": 0}",1,"{""0"": 15, ""140"": 10, ""599"": 20}",220
