config,model,axis,value,rho,rate_mbps,power_w,beta_j_per_bit,eo_budget_j,interval_s,policy,status,slice_feasible,slice_layer,segments,offered,admitted,delivered,not_started,admitted_not_delivered,energy_j,wasted_energy_j,compute_energy_j,communication_energy_j,selected_layers,audit,mean_delivered,delivery_pct
squeezenet1_1:rho:0.008,squeezenet1_1,rho,0.008,0.008,20.0,1.3,6.5e-08,6624.0,31,STLT,ok,False,,220,180400.0,92110.0,87778.0,88290.0,4332.0,1337610.2000934577,31494.696665038457,1043979.2773874489,293630.9227060087,"{""34"": 49490, ""65"": 42620}","{""cheaper_candidate_block:downlink_capacity"": 42620, ""decisions"": 180400, ""nonminimum_selected"": 42620, ""rejected"": 88290, ""restricted_decisions"": 105314}",398.9909090909091,48.65742793791574
squeezenet1_1:rho:0.008,squeezenet1_1,rho,0.008,0.008,20.0,1.3,6.5e-08,6624.0,31,SLICE,NF,False,,220,180400.0,,,,,,,,,{},{},,
squeezenet1_1:rho:0.012,squeezenet1_1,rho,0.012,0.012,20.0,1.3,6.5e-08,9936.0,31,STLT,ok,False,,220,180400.0,132619.0,127351.0,47781.0,5268.0,1958248.2750082111,38166.723679691015,1598266.0678901116,359982.2071180995,"{""34"": 60645, ""65"": 71974}","{""cheaper_candidate_block:downlink_capacity"": 71974, ""decisions"": 180400, ""nonminimum_selected"": 71974, ""rejected"": 47781, ""restricted_decisions"": 55689}",578.8681818181818,70.59368070953437
squeezenet1_1:rho:0.012,squeezenet1_1,rho,0.012,0.012,20.0,1.3,6.5e-08,9936.0,31,SLICE,NF,False,,220,180400.0,,,,,,,,,{},{},,
squeezenet1_1:rho:0.016,squeezenet1_1,rho,0.016,0.016,20.0,1.3,6.5e-08,13248.0,31,STLT,ok,True,65,220,180400.0,166803.0,163039.0,13597.0,3764.0,2518241.629332537,41302.17423882954,2106780.175487365,411461.4538451717,"{""34"": 65512, ""65"": 101291}","{""cheaper_candidate_block:downlink_capacity"": 101291, ""decisions"": 180400, ""nonminimum_selected"": 101291, ""rejected"": 13597, ""restricted_decisions"": 14798}",741.0863636363637,90.37638580931264
squeezenet1_1:rho:0.016,squeezenet1_1,rho,0.016,0.016,20.0,1.3,6.5e-08,13248.0,31,SLICE,ok,True,65,220,180400.0,162760.0,147999.0,17640.0,14761.0,2629317.366181438,238429.6488490234,2629009.5282614073,307.83792000000255,"{""65"": 162760}",{},672.7227272727273,82.03935698447894
squeezenet1_1:rho:0.02,squeezenet1_1,rho,0.02,0.02,20.0,1.3,6.5e-08,16560.0,31,STLT,ok,True,65,220,180400.0,179460.0,179018.0,940.0,442.0,2734099.164314355,5082.3942887425,2306937.7224025535,427161.44191180135,"{""34"": 65990, ""65"": 113470}","{""cheaper_candidate_block:downlink_capacity"": 113470, ""decisions"": 180400, ""nonminimum_selected"": 113470, ""rejected"": 940, ""restricted_decisions"": 979}",813.7181818181818,99.23392461197339
squeezenet1_1:rho:0.02,squeezenet1_1,rho,0.02,0.02,20.0,1.3,6.5e-08,16560.0,31,SLICE,ok,True,65,220,180400.0,178935.0,175847.0,1465.0,3088.0,2890644.8225824423,49879.46315600461,2890279.0608224063,365.76176000000487,"{""65"": 178935}",{},799.3045454545454,97.47616407982261
squeezenet1_1:rho:0.024,squeezenet1_1,rho,0.024,0.024,20.0,1.3,6.5e-08,19872.0,31,STLT,ok,True,65,220,180400.0,180334.0,180103.0,66.0,231.0,2749108.7753959405,2938.3238366306186,2320965.4776209556,428143.297774985,"{""34"": 66000, ""65"": 114334}","{""cheaper_candidate_block:downlink_capacity"": 114334, ""decisions"": 180400, ""nonminimum_selected"": 114334, ""rejected"": 66, ""restricted_decisions"": 66}",818.65,99.83536585365853
squeezenet1_1:rho:0.024,squeezenet1_1,rho,0.024,0.024,20.0,1.3,6.5e-08,19872.0,31,SLICE,ok,True,65,220,180400.0,180287.0,179892.0,113.0,395.0,2912491.6539890873,6380.306977532972,2912117.4786290503,374.1753600000052,"{""65"": 180287}",{},817.6909090909091,99.71840354767184
squeezenet1_1:rho:0.032,squeezenet1_1,rho,0.032,0.032,20.0,1.3,6.5e-08,26496.0,31,STLT,ok,True,65,220,180400.0,180400.0,180400.0,0.0,0.0,2750747.842229849,0.0,2322031.55422986,428716.28799998923,"{""34"": 66000, ""65"": 114400}","{""cheaper_candidate_block:downlink_capacity"": 114400, ""decisions"": 180400, ""nonminimum_selected"": 114400, ""rejected"": 0, ""restricted_decisions"": 0}",820.0,100.0
squeezenet1_1:rho:0.032,squeezenet1_1,rho,0.032,0.032,20.0,1.3,6.5e-08,26496.0,31,SLICE,ok,True,65,220,180400.0,180400.0,180400.0,0.0,0.0,2914317.963004939,0.0,2913942.7310049017,375.2320000000052,"{""65"": 180400}",{},820.0,100.0
squeezenet1_1:rate:5,squeezenet1_1,rate,5.0,0.016,5.0,1.3,2.6e-07,13248.0,31,STLT,ok,False,,220,180400.0,162686.0,147824.0,17714.0,14862.0,2629044.1275375793,240061.07072638074,2627814.2302453634,1229.8972922160117,"{""65"": 162686}","{""decisions"": 180400, ""nonminimum_selected"": 0, ""rejected"": 17714, ""restricted_decisions"": 24623}",671.9272727272727,81.94235033259423
squeezenet1_1:rate:5,squeezenet1_1,rate,5.0,0.016,5.0,1.3,2.6e-07,13248.0,31,SLICE,NF,False,,220,180400.0,,,,,,,,,{},{},,
squeezenet1_1:rate:10,squeezenet1_1,rate,10.0,0.016,10.0,1.3,1.3e-07,13248.0,31,STLT,ok,False,,220,180400.0,162714.0,148124.0,17686.0,14590.0,2628882.701010353,235667.54127140786,2628266.5051703528,616.1958400000052,"{""65"": 162714}","{""decisions"": 180400, ""nonminimum_selected"": 0, ""rejected"": 17686, ""restricted_decisions"": 24590}",673.290909090909,82.10864745011087
squeezenet1_1:rate:10,squeezenet1_1,rate,10.0,0.016,10.0,1.3,1.3e-07,13248.0,31,SLICE,NF,False,,220,180400.0,,,,,,,,,{},{},,
squeezenet1_1:rate:20,squeezenet1_1,rate,20.0,0.016,20.0,1.3,6.5e-08,13248.0,31,STLT,ok,True,65,220,180400.0,166803.0,163039.0,13597.0,3764.0,2518241.629332537,41302.17423882954,2106780.175487365,411461.4538451717,"{""34"": 65512, ""65"": 101291}","{""cheaper_candidate_block:downlink_capacity"": 101291, ""decisions"": 180400, ""nonminimum_selected"": 101291, ""rejected"": 13597, ""restricted_decisions"": 14798}",741.0863636363637,90.37638580931264
squeezenet1_1:rate:20,squeezenet1_1,rate,20.0,0.016,20.0,1.3,6.5e-08,13248.0,31,SLICE,ok,True,65,220,180400.0,162760.0,147999.0,17640.0,14761.0,2629317.366181438,238429.6488490234,2629009.5282614073,307.83792000000255,"{""65"": 162760}",{},672.7227272727273,82.03935698447894
squeezenet1_1:rate:40,squeezenet1_1,rate,40.0,0.016,40.0,1.3,3.25e-08,13248.0,31,STLT,ok,True,65,220,180400.0,179759.0,179444.0,641.0,315.0,2148165.315003405,2269.2466551027596,1721156.6066380127,427008.70836539206,"{""34"": 131845, ""65"": 47914}","{""cheaper_candidate_block:downlink_capacity"": 95828, ""decisions"": 180400, ""nonminimum_selected"": 47914, ""rejected"": 641, ""restricted_decisions"": 794}",815.6545454545454,99.470066518847
squeezenet1_1:rate:40,squeezenet1_1,rate,40.0,0.016,40.0,1.3,3.25e-08,13248.0,31,SLICE,ok,True,65,220,180400.0,162767.0,148000.0,17633.0,14767.0,2629276.5169926337,238526.56490437832,2629122.5969926547,153.9200000000013,"{""65"": 162767}",{},672.7272727272727,82.039911308204
squeezenet1_1:rate:80,squeezenet1_1,rate,80.0,0.016,80.0,1.3,1.625e-08,13248.0,31,STLT,ok,True,65,220,180400.0,179766.0,179541.0,634.0,225.0,2135578.7961428477,1228.0608984066957,1707538.3315144342,428040.4646284135,"{""19"": 97882, ""34"": 2194, ""65"": 79690}","{""cheaper_candidate_block:downlink_capacity"": 241264, ""decisions"": 180400, ""nonminimum_selected"": 81884, ""rejected"": 634, ""restricted_decisions"": 710}",816.0954545454546,99.52383592017739
squeezenet1_1:rate:80,squeezenet1_1,rate,80.0,0.016,80.0,1.3,1.625e-08,13248.0,31,SLICE,ok,True,65,220,180400.0,162769.0,148001.0,17631.0,14768.0,2629231.8628643965,238542.7175802708,2629154.9023444396,76.96052000000064,"{""65"": 162769}",{},672.7318181818182,82.04046563192905
swin_v2_t:rho:0.008,swin_v2_t,rho,0.008,0.008,20.0,1.3,6.5e-08,6624.0,365,STLT,ok,False,,220,14300.0,8449.0,8274.0,5851.0,175.0,1268823.8365053474,4396.154827254941,910464.1453350602,358359.69117028714,"{""0"": 3188, ""112"": 736, ""327"": 4525}","{""cheaper_candidate_block:downlink_capacity"": 9786, ""decisions"": 14300, ""nonminimum_selected"": 5261, ""rejected"": 5851, ""restricted_decisions"": 6389}",37.60909090909091,57.86013986013986
swin_v2_t:rho:0.008,swin_v2_t,rho,0.008,0.008,20.0,1.3,6.5e-08,6624.0,365,SLICE,NF,False,,220,14300.0,,,,,,,,,{},{},,
swin_v2_t:rho:0.012,swin_v2_t,rho,0.012,0.012,20.0,1.3,6.5e-08,9936.0,365,STLT,ok,False,,220,14300.0,11946.0,11689.0,2354.0,257.0,1908342.2442826256,16181.696380238462,1531123.9297732494,377218.31450937607,"{""0"": 3259, ""112"": 987, ""327"": 7700}","{""cheaper_candidate_block:downlink_capacity"": 16387, ""decisions"": 14300, ""nonminimum_selected"": 8687, ""rejected"": 2354, ""restricted_decisions"": 2522}",53.13181818181818,81.74125874125875
swin_v2_t:rho:0.012,swin_v2_t,rho,0.012,0.012,20.0,1.3,6.5e-08,9936.0,365,SLICE,NF,False,,220,14300.0,,,,,,,,,{},{},,
swin_v2_t:rho:0.016,swin_v2_t,rho,0.016,0.016,20.0,1.3,6.5e-08,13248.0,365,STLT,ok,True,327,220,14300.0,14110.0,14019.0,190.0,91.0,2321944.7471935623,12334.019600016729,1921525.9133605815,400418.8338329809,"{""0"": 3298, ""112"": 1098, ""327"": 9714}","{""cheaper_candidate_block:downlink_capacity"": 20526, ""decisions"": 14300, ""nonminimum_selected"": 10812, ""rejected"": 190, ""restricted_decisions"": 193}",63.722727272727276,98.03496503496504
swin_v2_t:rho:0.016,swin_v2_t,rho,0.016,0.016,20.0,1.3,6.5e-08,13248.0,365,SLICE,ok,True,327,220,14300.0,13421.0,12679.0,879.0,742.0,2550952.842973194,141032.11244030457,2550932.589031435,20.25394176000001,"{""327"": 13421}",{},57.63181818181818,88.66433566433567
swin_v2_t:rho:0.02,swin_v2_t,rho,0.02,0.02,20.0,1.3,6.5e-08,16560.0,365,STLT,ok,True,327,220,14300.0,14292.0,14272.0,8.0,20.0,2357895.252410191,2478.8893750096004,1955495.3613138802,402399.89109631104,"{""0"": 3300, ""112"": 1100, ""327"": 9892}","{""cheaper_candidate_block:downlink_capacity"": 20884, ""decisions"": 14300, ""nonminimum_selected"": 10992, ""rejected"": 8, ""restricted_decisions"": 8}",64.87272727272727,99.8041958041958
swin_v2_t:rho:0.02,swin_v2_t,rho,0.02,0.02,20.0,1.3,6.5e-08,16560.0,365,SLICE,ok,True,327,220,14300.0,14249.0,14155.0,51.0,94.0,2708333.35322128,17866.601845537236,2708310.7414580816,22.61176320000002,"{""327"": 14249}",{},64.3409090909091,98.98601398601399
swin_v2_t:rho:0.024,swin_v2_t,rho,0.024,0.024,20.0,1.3,6.5e-08,19872.0,365,STLT,ok,True,327,220,14300.0,14300.0,14300.0,0.0,0.0,2360087.5750130657,0.0,1957015.9231730748,403071.65183999104,"{""0"": 3300, ""112"": 1100, ""327"": 9900}","{""cheaper_candidate_block:downlink_capacity"": 20900, ""decisions"": 14300, ""nonminimum_selected"": 11000, ""rejected"": 0, ""restricted_decisions"": 0}",65.0,100.0
swin_v2_t:rho:0.024,swin_v2_t,rho,0.024,0.024,20.0,1.3,6.5e-08,19872.0,365,SLICE,ok,True,327,220,14300.0,14297.0,14274.0,3.0,23.0,2717456.914471808,4371.615345184642,2717434.1126132496,22.80185856000002,"{""327"": 14297}",{},64.88181818181818,99.81818181818181
swin_v2_t:rho:0.032,swin_v2_t,rho,0.032,0.032,20.0,1.3,6.5e-08,26496.0,365,STLT,ok,True,327,220,14300.0,14300.0,14300.0,0.0,0.0,2360087.5750130657,0.0,1957015.9231730748,403071.65183999104,"{""0"": 3300, ""112"": 1100, ""327"": 9900}","{""cheaper_candidate_block:downlink_capacity"": 20900, ""decisions"": 14300, ""nonminimum_selected"": 11000, ""rejected"": 0, ""restricted_decisions"": 0}",65.0,100.0
swin_v2_t:rho:0.032,swin_v2_t,rho,0.032,0.032,20.0,1.3,6.5e-08,26496.0,365,SLICE,ok,True,327,220,14300.0,14300.0,14300.0,0.0,0.0,2718027.1667024456,0.0,2718004.323310448,22.84339200000002,"{""327"": 14300}",{},65.0,100.0
swin_v2_t:rate:5,swin_v2_t,rate,5.0,0.016,5.0,1.3,2.6e-07,13248.0,365,STLT,ok,True,327,220,14300.0,13421.0,12679.0,879.0,742.0,2551013.6047984753,141032.11244030457,2550932.589031435,81.01576704000004,"{""327"": 13421}","{""decisions"": 14300, ""nonminimum_selected"": 0, ""rejected"": 879, ""restricted_decisions"": 1133}",57.63181818181818,88.66433566433567
swin_v2_t:rate:5,swin_v2_t,rate,5.0,0.016,5.0,1.3,2.6e-07,13248.0,365,SLICE,ok,True,327,220,14300.0,13421.0,12679.0,879.0,742.0,2551013.604798474,141032.11244030457,2550932.589031435,81.01576704000004,"{""327"": 13421}",{},57.63181818181818,88.66433566433567
swin_v2_t:rate:10,swin_v2_t,rate,10.0,0.016,10.0,1.3,1.3e-07,13248.0,365,STLT,ok,True,327,220,14300.0,13456.0,13066.0,844.0,390.0,2491088.5109548145,61042.58843386066,2157287.9230210017,333800.58793381293,"{""112"": 3292, ""327"": 10164}","{""cheaper_candidate_block:downlink_capacity"": 10164, ""decisions"": 14300, ""nonminimum_selected"": 10164, ""rejected"": 844, ""restricted_decisions"": 866}",59.39090909090909,91.37062937062937
swin_v2_t:rate:10,swin_v2_t,rate,10.0,0.016,10.0,1.3,1.3e-07,13248.0,365,SLICE,ok,True,327,220,14300.0,13421.0,12679.0,879.0,742.0,2550973.0969149563,141032.11244030457,2550932.589031435,40.50788352000002,"{""327"": 13421}",{},57.63181818181818,88.66433566433567
swin_v2_t:rate:20,swin_v2_t,rate,20.0,0.016,20.0,1.3,6.5e-08,13248.0,365,STLT,ok,True,327,220,14300.0,14110.0,14019.0,190.0,91.0,2321944.7471935623,12334.019600016729,1921525.9133605815,400418.8338329809,"{""0"": 3298, ""112"": 1098, ""327"": 9714}","{""cheaper_candidate_block:downlink_capacity"": 20526, ""decisions"": 14300, ""nonminimum_selected"": 10812, ""rejected"": 190, ""restricted_decisions"": 193}",63.722727272727276,98.03496503496504
swin_v2_t:rate:20,swin_v2_t,rate,20.0,0.016,20.0,1.3,6.5e-08,13248.0,365,SLICE,ok,True,327,220,14300.0,13421.0,12679.0,879.0,742.0,2550952.842973194,141032.11244030457,2550932.589031435,20.25394176000001,"{""327"": 13421}",{},57.63181818181818,88.66433566433567
swin_v2_t:rate:40,swin_v2_t,rate,40.0,0.016,40.0,1.3,3.25e-08,13248.0,365,STLT,ok,True,327,220,14300.0,14299.0,14299.0,1.0,0.0,1657334.5715404635,0.0,1254273.463603193,403061.10793727054,"{""0"": 7700, ""327"": 6599}","{""cheaper_candidate_block:downlink_capacity"": 13198, ""decisions"": 14300, ""nonminimum_selected"": 6599, ""rejected"": 1, ""restricted_decisions"": 1}",64.99545454545455,99.99300699300699
swin_v2_t:rate:40,swin_v2_t,rate,40.0,0.016,40.0,1.3,3.25e-08,13248.0,365,SLICE,ok,True,327,220,14300.0,13421.0,12679.0,879.0,742.0,2550942.716002316,141032.11244030457,2550932.589031435,10.126970880000005,"{""327"": 13421}",{},57.63181818181818,88.66433566433567
swin_v2_t:rate:80,swin_v2_t,rate,80.0,0.016,80.0,1.3,1.625e-08,13248.0,365,STLT,ok,True,0,220,14300.0,14300.0,14300.0,0.0,0.0,374266.13452799205,0.0,0.0,374266.13452799205,"{""0"": 14300}","{""decisions"": 14300, ""nonminimum_selected"": 0, ""rejected"": 0, ""restricted_decisions"": 0}",65.0,100.0
swin_v2_t:rate:80,swin_v2_t,rate,80.0,0.016,80.0,1.3,1.625e-08,13248.0,365,SLICE,ok,True,0,220,14300.0,14300.0,14300.0,0.0,0.0,374266.13452799205,0.0,0.0,374266.13452799205,"{""0"": 14300}",{},65.0,100.0
efficientnet_b4:rho:0.008,efficientnet_b4,rho,0.008,0.008,20.0,1.3,6.5e-08,6624.0,119,STLT,ok,False,,220,46200.0,32601.0,31196.0,13599.0,1405.0,1316176.423737365,24485.318163114982,982848.5028632674,333327.9208740977,"{""164"": 23185, ""502"": 9416}","{""cheaper_candidate_block:downlink_capacity"": 18832, ""decisions"": 46200, ""nonminimum_selected"": 9416, ""rejected"": 13599, ""restricted_decisions"": 18558}",141.8,67.52380952380952
efficientnet_b4:rho:0.008,efficientnet_b4,rho,0.008,0.008,20.0,1.3,6.5e-08,6624.0,119,SLICE,NF,False,,220,46200.0,,,,,,,,,{},{},,
efficientnet_b4:rho:0.012,efficientnet_b4,rho,0.012,0.012,20.0,1.3,6.5e-08,9936.0,119,STLT,ok,False,,220,46200.0,43340.0,42681.0,2860.0,659.0,1879255.8332963903,12975.099778717144,1473213.6003057987,406042.2329905914,"{""164"": 27199, ""502"": 16141}","{""cheaper_candidate_block:downlink_capacity"": 32282, ""decisions"": 46200, ""nonminimum_selected"": 16141, ""rejected"": 2860, ""restricted_decisions"": 3544}",194.00454545454545,92.38311688311688
efficientnet_b4:rho:0.012,efficientnet_b4,rho,0.012,0.012,20.0,1.3,6.5e-08,9936.0,119,SLICE,NF,False,,220,46200.0,,,,,,,,,{},{},,
efficientnet_b4:rho:0.016,efficientnet_b4,rho,0.016,0.016,20.0,1.3,6.5e-08,13248.0,119,STLT,ok,True,502,220,46200.0,46102.0,46046.0,98.0,56.0,2052180.1270175395,1374.303577750234,1633008.5356639782,419171.5913535614,"{""164"": 27499, ""502"": 18603}","{""cheaper_candidate_block:downlink_capacity"": 37206, ""decisions"": 46200, ""nonminimum_selected"": 18603, ""rejected"": 98, ""restricted_decisions"": 110}",209.3,99.66666666666667
efficientnet_b4:rho:0.016,efficientnet_b4,rho,0.016,0.016,20.0,1.3,6.5e-08,13248.0,119,SLICE,ok,True,502,220,46200.0,41730.0,38328.0,4470.0,3402.0,2622778.9312182334,213813.14902813183,2622699.208978226,79.72224000000027,"{""502"": 41730}",{},174.21818181818182,82.96103896103897
efficientnet_b4:rho:0.02,efficientnet_b4,rho,0.02,0.02,20.0,1.3,6.5e-08,16560.0,119,STLT,ok,True,502,220,46200.0,46198.0,46198.0,2.0,0.0,2058884.8036069702,0.0,1638996.0813669793,419888.7222399909,"{""164"": 27500, ""502"": 18698}","{""cheaper_candidate_block:downlink_capacity"": 37396, ""decisions"": 46200, ""nonminimum_selected"": 18698, ""rejected"": 2, ""restricted_decisions"": 2}",209.9909090909091,99.99567099567099
efficientnet_b4:rho:0.02,efficientnet_b4,rho,0.02,0.02,20.0,1.3,6.5e-08,16560.0,119,SLICE,ok,True,502,220,46200.0,45831.0,45217.0,369.0,614.0,2880538.035224878,38589.43959531833,2880443.983864869,94.05136000000046,"{""502"": 45831}",{},205.53181818181818,97.87229437229438
efficientnet_b4:rho:0.024,efficientnet_b4,rho,0.024,0.024,20.0,1.3,6.5e-08,19872.0,119,STLT,ok,True,502,220,46200.0,46200.0,46200.0,0.0,0.0,2059010.5062672808,0.0,1639121.7798672898,419888.7263999909,"{""164"": 27500, ""502"": 18700}","{""cheaper_candidate_block:downlink_capacity"": 37400, ""decisions"": 46200, ""nonminimum_selected"": 18700, ""rejected"": 0, ""restricted_decisions"": 0}",210.0,100.0
efficientnet_b4:rho:0.024,efficientnet_b4,rho,0.024,0.024,20.0,1.3,6.5e-08,19872.0,119,SLICE,ok,True,502,220,46200.0,46172.0,46112.0,28.0,60.0,2901971.4911278156,3770.9550093144953,2901875.578167806,95.91296000000048,"{""502"": 46172}",{},209.6,99.80952380952381
efficientnet_b4:rho:0.032,efficientnet_b4,rho,0.032,0.032,20.0,1.3,6.5e-08,26496.0,119,STLT,ok,True,502,220,46200.0,46200.0,46200.0,0.0,0.0,2059010.5062672808,0.0,1639121.7798672898,419888.7263999909,"{""164"": 27500, ""502"": 18700}","{""cheaper_candidate_block:downlink_capacity"": 37400, ""decisions"": 46200, ""nonminimum_selected"": 18700, ""rejected"": 0, ""restricted_decisions"": 0}",210.0,100.0
efficientnet_b4:rho:0.032,efficientnet_b4,rho,0.032,0.032,20.0,1.3,6.5e-08,26496.0,119,SLICE,ok,True,502,220,46200.0,46200.0,46200.0,0.0,0.0,2903731.453172162,0.0,2903635.357172153,96.09600000000049,"{""502"": 46200}",{},210.0,100.0
efficientnet_b4:rate:5,efficientnet_b4,rate,5.0,0.016,5.0,1.3,2.6e-07,13248.0,119,STLT,ok,True,502,220,46200.0,41723.0,38342.0,4477.0,3381.0,2622578.269667139,212493.31477487175,2622259.264227139,319.0054400000011,"{""502"": 41723}","{""decisions"": 46200, ""nonminimum_selected"": 0, ""rejected"": 4477, ""restricted_decisions"": 6076}",174.28181818181818,82.991341991342
efficientnet_b4:rate:5,efficientnet_b4,rate,5.0,0.016,5.0,1.3,2.6e-07,13248.0,119,SLICE,ok,True,502,220,46200.0,41724.0,38342.0,4476.0,3382.0,2622641.1189173004,212556.16402502698,2622322.1134772943,319.0054400000011,"{""502"": 41724}",{},174.28181818181818,82.991341991342
efficientnet_b4:rate:10,efficientnet_b4,rate,10.0,0.016,10.0,1.3,1.3e-07,13248.0,119,STLT,ok,True,502,220,46200.0,43198.0,42232.0,3002.0,966.0,2500577.2572241668,43349.68228383884,2109972.6305115726,390604.62671259424,"{""164"": 13157, ""502"": 30041}","{""cheaper_candidate_block:downlink_capacity"": 30041, ""decisions"": 46200, ""nonminimum_selected"": 30041, ""rejected"": 3002, ""restricted_decisions"": 3137}",191.96363636363637,91.41125541125541
efficientnet_b4:rate:10,efficientnet_b4,rate,10.0,0.016,10.0,1.3,1.3e-07,13248.0,119,SLICE,ok,True,502,220,46200.0,41728.0,38328.0,4472.0,3400.0,2622732.954957927,213687.45052782132,2622573.5104779154,159.44448000000054,"{""502"": 41728}",{},174.21818181818182,82.96103896103897
efficientnet_b4:rate:20,efficientnet_b4,rate,20.0,0.016,20.0,1.3,6.5e-08,13248.0,119,STLT,ok,True,502,220,46200.0,46102.0,46046.0,98.0,56.0,2052180.1270175395,1374.303577750234,1633008.5356639782,419171.5913535614,"{""164"": 27499, ""502"": 18603}","{""cheaper_candidate_block:downlink_capacity"": 37206, ""decisions"": 46200, ""nonminimum_selected"": 18603, ""rejected"": 98, ""restricted_decisions"": 110}",209.3,99.66666666666667
efficientnet_b4:rate:20,efficientnet_b4,rate,20.0,0.016,20.0,1.3,6.5e-08,13248.0,119,SLICE,ok,True,502,220,46200.0,41730.0,38328.0,4470.0,3402.0,2622778.9312182334,213813.14902813183,2622699.208978226,79.72224000000027,"{""502"": 41730}",{},174.21818181818182,82.96103896103897
efficientnet_b4:rate:40,efficientnet_b4,rate,40.0,0.016,40.0,1.3,3.25e-08,13248.0,119,STLT,ok,True,352,220,46200.0,46200.0,46200.0,0.0,0.0,1131926.404835969,0.0,779252.5472999754,352673.85753599374,"{""164"": 46200}","{""decisions"": 46200, ""nonminimum_selected"": 0, ""rejected"": 0, ""restricted_decisions"": 0}",210.0,100.0
efficientnet_b4:rate:40,efficientnet_b4,rate,40.0,0.016,40.0,1.3,3.25e-08,13248.0,119,SLICE,ok,True,352,220,46200.0,46116.0,45964.0,84.0,152.0,2076137.169700308,6150.445068280804,1863097.939760617,213039.22993969146,"{""352"": 46116}",{},208.92727272727274,99.4891774891775
efficientnet_b4:rate:80,efficientnet_b4,rate,80.0,0.016,80.0,1.3,1.625e-08,13248.0,119,STLT,ok,True,164,220,46200.0,46200.0,46200.0,0.0,0.0,878165.7159056701,0.0,525491.8583696763,352673.85753599374,"{""102"": 46200}","{""decisions"": 46200, ""nonminimum_selected"": 0, ""rejected"": 0, ""restricted_decisions"": 0}",210.0,100.0
efficientnet_b4:rate:80,efficientnet_b4,rate,80.0,0.016,80.0,1.3,1.625e-08,13248.0,119,SLICE,ok,True,164,220,46200.0,46200.0,46200.0,0.0,0.0,955589.4760679834,0.0,779252.5472999754,176336.92876799902,"{""164"": 46200}",{},210.0,100.0
resnet50:rho:0.008,resnet50,rho,0.008,0.008,20.0,1.3,6.5e-08,6624.0,319,STLT,ok,False,,220,16500.0,8785.0,8581.0,7715.0,204.0,1278371.7945311966,5726.008814698343,962666.9365776448,315704.85795355187,"{""0"": 3168, ""175"": 5617}","{""cheaper_candidate_block:downlink_capacity"": 5617, ""decisions"": 16500, ""nonminimum_selected"": 5617, ""rejected"": 7715, ""restricted_decisions"": 8327}",39.00454545454546,52.00606060606061
resnet50:rho:0.008,resnet50,rho,0.008,0.008,20.0,1.3,6.5e-08,6624.0,319,SLICE,NF,False,,220,16500.0,,,,,,,,,{},{},,
resnet50:rho:0.012,resnet50,rho,0.012,0.012,20.0,1.3,6.5e-08,9936.0,319,STLT,ok,False,,220,16500.0,12576.0,12308.0,3924.0,268.0,1919913.6613432448,9977.288542096101,1602616.792582796,317296.86876044894,"{""0"": 3225, ""175"": 9351}","{""cheaper_candidate_block:downlink_capacity"": 9351, ""decisions"": 16500, ""nonminimum_selected"": 9351, ""rejected"": 3924, ""restricted_decisions"": 4197}",55.945454545454545,74.5939393939394
resnet50:rho:0.012,resnet50,rho,0.012,0.012,20.0,1.3,6.5e-08,9936.0,319,SLICE,NF,False,,220,16500.0,,,,,,,,,{},{},,
resnet50:rho:0.016,resnet50,rho,0.016,0.016,20.0,1.3,6.5e-08,13248.0,319,STLT,ok,True,175,220,16500.0,15737.0,15328.0,763.0,409.0,2469458.8566753147,55474.35262105498,2132537.776719893,336921.07995542197,"{""0"": 3294, ""175"": 12443}","{""cheaper_candidate_block:downlink_capacity"": 12443, ""decisions"": 16500, ""nonminimum_selected"": 12443, ""rejected"": 763, ""restricted_decisions"": 771}",69.67272727272727,92.89696969696969
resnet50:rho:0.016,resnet50,rho,0.016,0.016,20.0,1.3,6.5e-08,13248.0,319,SLICE,ok,True,175,220,16500.0,15122.0,14219.0,1378.0,903.0,2591706.5231659245,154760.23566487685,2591676.9476459217,29.575519999999983,"{""175"": 15122}",{},64.63181818181818,86.17575757575757
resnet50:rho:0.02,resnet50,rho,0.02,0.02,20.0,1.3,6.5e-08,16560.0,319,STLT,ok,True,175,220,16500.0,16457.0,16422.0,43.0,35.0,2599357.962137937,4212.695434479476,2254906.335152586,344451.62698535144,"{""0"": 3300, ""175"": 13157}","{""cheaper_candidate_block:downlink_capacity"": 13157, ""decisions"": 16500, ""nonminimum_selected"": 13157, ""rejected"": 43, ""restricted_decisions"": 43}",74.64545454545454,99.52727272727273
resnet50:rho:0.02,resnet50,rho,0.02,0.02,20.0,1.3,6.5e-08,16560.0,319,SLICE,ok,True,175,220,16500.0,16405.0,16249.0,95.0,156.0,2811597.104766408,26735.987556722906,2811563.306846405,33.79791999999998,"{""175"": 16405}",{},73.85909090909091,98.47878787878788
resnet50:rho:0.024,resnet50,rho,0.024,0.024,20.0,1.3,6.5e-08,19872.0,319,STLT,ok,True,175,220,16500.0,16498.0,16485.0,2.0,13.0,2607201.237443926,1792.188258647107,2261933.1011130065,345268.13633091934,"{""0"": 3300, ""175"": 13198}","{""cheaper_candidate_block:downlink_capacity"": 13198, ""decisions"": 16500, ""nonminimum_selected"": 13198, ""rejected"": 2, ""restricted_decisions"": 2}",74.93181818181819,99.9090909090909
resnet50:rho:0.024,resnet50,rho,0.024,0.024,20.0,1.3,6.5e-08,19872.0,319,SLICE,ok,True,175,220,16500.0,16494.0,16470.0,6.0,24.0,2826850.7881165897,4113.228854880447,2826816.5305165863,34.25759999999998,"{""175"": 16494}",{},74.86363636363636,99.81818181818181
resnet50:rho:0.032,resnet50,rho,0.032,0.032,20.0,1.3,6.5e-08,26496.0,319,STLT,ok,True,175,220,16500.0,16500.0,16500.0,0.0,0.0,2607779.7580562388,0.0,2262275.8701842465,345503.8878719924,"{""0"": 3300, ""175"": 13200}","{""cheaper_candidate_block:downlink_capacity"": 13200, ""decisions"": 16500, ""nonminimum_selected"": 13200, ""rejected"": 0, ""restricted_decisions"": 0}",75.0,100.0
resnet50:rho:0.032,resnet50,rho,0.032,0.032,20.0,1.3,6.5e-08,26496.0,319,SLICE,ok,True,175,220,16500.0,16500.0,16500.0,0.0,0.0,2827879.1577303098,0.0,2827844.8377303067,34.31999999999998,"{""175"": 16500}",{},75.0,100.0
resnet50:rate:5,resnet50,rate,5.0,0.016,5.0,1.3,2.6e-07,13248.0,319,STLT,ok,True,175,220,16500.0,15121.0,14219.0,1379.0,902.0,2591623.8651903016,154588.85112925683,2591505.5631103017,118.30207999999993,"{""175"": 15121}","{""decisions"": 16500, ""nonminimum_selected"": 0, ""rejected"": 1379, ""restricted_decisions"": 1736}",64.63181818181818,86.17575757575757
resnet50:rate:5,resnet50,rate,5.0,0.016,5.0,1.3,2.6e-07,13248.0,319,SLICE,ok,True,175,220,16500.0,15121.0,14219.0,1379.0,902.0,2591623.8651903044,154588.85112925683,2591505.5631103017,118.30207999999993,"{""175"": 15121}",{},64.63181818181818,86.17575757575757
resnet50:rate:10,resnet50,rate,10.0,0.016,10.0,1.3,1.3e-07,13248.0,319,STLT,ok,True,175,220,16500.0,15122.0,14219.0,1378.0,903.0,2591736.0986859216,154760.23566487685,2591676.9476459217,59.151039999999966,"{""175"": 15122}","{""decisions"": 16500, ""nonminimum_selected"": 0, ""rejected"": 1378, ""restricted_decisions"": 1736}",64.63181818181818,86.17575757575757
resnet50:rate:10,resnet50,rate,10.0,0.016,10.0,1.3,1.3e-07,13248.0,319,SLICE,ok,True,175,220,16500.0,15122.0,14219.0,1378.0,903.0,2591736.098685926,154760.23566487685,2591676.9476459217,59.151039999999966,"{""175"": 15122}",{},64.63181818181818,86.17575757575757
resnet50:rate:20,resnet50,rate,20.0,0.016,20.0,1.3,6.5e-08,13248.0,319,STLT,ok,True,175,220,16500.0,15737.0,15328.0,763.0,409.0,2469458.8566753147,55474.35262105498,2132537.776719893,336921.07995542197,"{""0"": 3294, ""175"": 12443}","{""cheaper_candidate_block:downlink_capacity"": 12443, ""decisions"": 16500, ""nonminimum_selected"": 12443, ""rejected"": 763, ""restricted_decisions"": 771}",69.67272727272727,92.89696969696969
resnet50:rate:20,resnet50,rate,20.0,0.016,20.0,1.3,6.5e-08,13248.0,319,SLICE,ok,True,175,220,16500.0,15122.0,14219.0,1378.0,903.0,2591706.5231659245,154760.23566487685,2591676.9476459217,29.575519999999983,"{""175"": 15122}",{},64.63181818181818,86.17575757575757
resnet50:rate:40,resnet50,rate,40.0,0.016,40.0,1.3,3.25e-08,13248.0,319,STLT,ok,True,175,220,16500.0,16487.0,16469.0,13.0,18.0,1908527.3270520233,1400.970639086836,1505955.9144931051,402571.412558918,"{""0"": 7700, ""175"": 8787}","{""cheaper_candidate_block:downlink_capacity"": 8787, ""decisions"": 16500, ""nonminimum_selected"": 8787, ""rejected"": 13, ""restricted_decisions"": 13}",74.85909090909091,99.81212121212121
resnet50:rate:40,resnet50,rate,40.0,0.016,40.0,1.3,3.25e-08,13248.0,319,SLICE,ok,True,175,220,16500.0,15122.0,14219.0,1378.0,903.0,2591691.735405919,154760.23566487685,2591676.9476459217,14.787759999999992,"{""175"": 15122}",{},64.63181818181818,86.17575757575757
resnet50:rate:80,resnet50,rate,80.0,0.016,80.0,1.3,1.625e-08,13248.0,319,STLT,ok,True,175,220,16500.0,16500.0,16500.0,0.0,0.0,591579.3983660117,0.0,188522.98918202057,403056.40918399114,"{""0"": 15400, ""175"": 1100}","{""cheaper_candidate_block:downlink_capacity"": 1100, ""decisions"": 16500, ""nonminimum_selected"": 1100, ""rejected"": 0, ""restricted_decisions"": 0}",75.0,100.0
resnet50:rate:80,resnet50,rate,80.0,0.016,80.0,1.3,1.625e-08,13248.0,319,SLICE,ok,True,175,220,16500.0,15122.0,14219.0,1378.0,903.0,2591684.3415259174,154760.23566487685,2591676.9476459217,7.393879999999996,"{""175"": 15122}",{},64.63181818181818,86.17575757575757
densenet169:rho:0.008,densenet169,rho,0.008,0.008,20.0,1.3,6.5e-08,6624.0,269,STLT,ok,False,,220,19800.0,10153.0,9971.0,9647.0,182.0,1275330.1625337992,3989.4841165658536,912521.6435585562,362808.51897524286,"{""0"": 3173, ""140"": 1310, ""599"": 5670}","{""cheaper_candidate_block:downlink_capacity"": 12650, ""decisions"": 19800, ""nonminimum_selected"": 6980, ""rejected"": 9647, ""restricted_decisions"": 10217}",45.32272727272727,50.35858585858586
densenet169:rho:0.008,densenet169,rho,0.008,0.008,20.0,1.3,6.5e-08,6624.0,269,SLICE,NF,False,,220,19800.0,,,,,,,,,{},{},,
densenet169:rho:0.012,densenet169,rho,0.012,0.012,20.0,1.3,6.5e-08,9936.0,269,STLT,ok,False,,220,19800.0,14834.0,14567.0,4966.0,267.0,1918079.4930483056,8117.466635122608,1538703.7724511959,379375.72059710964,"{""0"": 3226, ""140"": 1785, ""599"": 9823}","{""cheaper_candidate_block:downlink_capacity"": 21431, ""decisions"": 19800, ""nonminimum_selected"": 11608, ""rejected"": 4966, ""restricted_decisions"": 5232}",66.21363636363637,73.57070707070707
densenet169:rho:0.012,densenet169,rho,0.012,0.012,20.0,1.3,6.5e-08,9936.0,269,SLICE,NF,False,,220,19800.0,,,,,,,,,{},{},,
densenet169:rho:0.016,densenet169,rho,0.016,0.016,20.0,1.3,6.5e-08,13248.0,269,STLT,ok,True,599,220,19800.0,18784.0,18346.0,1016.0,438.0,2476167.9065903565,48413.64475725319,2064080.6332080043,412087.27338235226,"{""0"": 3294, ""140"": 2181, ""599"": 13309}","{""cheaper_candidate_block:downlink_capacity"": 28799, ""decisions"": 19800, ""nonminimum_selected"": 15490, ""rejected"": 1016, ""restricted_decisions"": 1024}",83.39090909090909,92.65656565656566
densenet169:rho:0.016,densenet169,rho,0.016,0.016,20.0,1.3,6.5e-08,13248.0,269,SLICE,ok,True,599,220,19800.0,18337.0,17201.0,1463.0,1136.0,2582204.8639107132,159968.59254532823,2582169.08583071,35.77807999999998,"{""599"": 18337}",{},78.18636363636364,86.87373737373737
densenet169:rho:0.02,densenet169,rho,0.02,0.02,20.0,1.3,6.5e-08,16560.0,269,STLT,ok,True,599,220,19800.0,19740.0,19705.0,60.0,35.0,2618062.4929884435,3436.5282937853,2196836.3488796176,421226.1441088255,"{""0"": 3300, ""140"": 2200, ""599"": 14240}","{""cheaper_candidate_block:downlink_capacity"": 30680, ""decisions"": 19800, ""nonminimum_selected"": 16440, ""rejected"": 60, ""restricted_decisions"": 60}",89.56818181818181,99.52020202020202
densenet169:rho:0.02,densenet169,rho,0.02,0.02,20.0,1.3,6.5e-08,16560.0,269,SLICE,ok,True,599,220,19800.0,19708.0,19539.0,92.0,169.0,2775270.413904628,23798.144489577877,2775229.772784624,40.64111999999998,"{""599"": 19708}",{},88.81363636363636,98.68181818181819
densenet169:rho:0.024,densenet169,rho,0.024,0.024,20.0,1.3,6.5e-08,19872.0,269,STLT,ok,True,599,220,19800.0,19797.0,19768.0,3.0,29.0,2626822.9392458624,3617.4586778863504,2204862.9419914875,421959.99725437537,"{""0"": 3300, ""140"": 2200, ""599"": 14297}","{""cheaper_candidate_block:downlink_capacity"": 30794, ""decisions"": 19800, ""nonminimum_selected"": 16497, ""rejected"": 3, ""restricted_decisions"": 3}",89.85454545454546,99.83838383838383
densenet169:rho:0.024,densenet169,rho,0.024,0.024,20.0,1.3,6.5e-08,19872.0,269,SLICE,ok,True,599,220,19800.0,19794.0,19764.0,6.0,30.0,2787381.1802839395,4224.522690457612,2787340.0711639356,41.109119999999976,"{""599"": 19794}",{},89.83636363636364,99.81818181818181
densenet169:rho:0.032,densenet169,rho,0.032,0.032,20.0,1.3,6.5e-08,26496.0,269,STLT,ok,True,599,220,19800.0,19800.0,19800.0,0.0,0.0,2627564.110548523,0.0,2205285.394260533,422278.71628798964,"{""0"": 3300, ""140"": 2200, ""599"": 14300}","{""cheaper_candidate_block:downlink_capacity"": 30800, ""decisions"": 19800, ""nonminimum_selected"": 16500, ""rejected"": 0, ""restricted_decisions"": 0}",90.0,100.0
densenet169:rho:0.032,densenet169,rho,0.032,0.032,20.0,1.3,6.5e-08,26496.0,269,SLICE,ok,True,599,220,19800.0,19800.0,19800.0,0.0,0.0,2788226.1597020314,0.0,2788184.9757020273,41.183999999999976,"{""599"": 19800}",{},90.0,100.0
densenet169:rate:5,densenet169,rate,5.0,0.016,5.0,1.3,2.6e-07,13248.0,269,STLT,ok,True,599,220,19800.0,18337.0,17201.0,1463.0,1136.0,2582312.1981507097,159968.59254532823,2582169.08583071,143.11231999999993,"{""599"": 18337}","{""decisions"": 19800, ""nonminimum_selected"": 0, ""rejected"": 1463, ""restricted_decisions"": 1920}",78.18636363636364,86.87373737373737
densenet169:rate:5,densenet169,rate,5.0,0.016,5.0,1.3,2.6e-07,13248.0,269,SLICE,ok,True,599,220,19800.0,18337.0,17201.0,1463.0,1136.0,2582312.198150713,159968.59254532823,2582169.08583071,143.11231999999993,"{""599"": 18337}",{},78.18636363636364,86.87373737373737
densenet169:rate:10,densenet169,rate,10.0,0.016,10.0,1.3,1.3e-07,13248.0,269,STLT,ok,True,599,220,19800.0,18337.0,17201.0,1463.0,1136.0,2582240.64199071,159968.59254532823,2582169.08583071,71.55615999999996,"{""599"": 18337}","{""decisions"": 19800, ""nonminimum_selected"": 0, ""rejected"": 1463, ""restricted_decisions"": 1920}",78.18636363636364,86.87373737373737
densenet169:rate:10,densenet169,rate,10.0,0.016,10.0,1.3,1.3e-07,13248.0,269,SLICE,ok,True,599,220,19800.0,18337.0,17201.0,1463.0,1136.0,2582240.641990715,159968.59254532823,2582169.08583071,71.55615999999996,"{""599"": 18337}",{},78.18636363636364,86.87373737373737
densenet169:rate:20,densenet169,rate,20.0,0.016,20.0,1.3,6.5e-08,13248.0,269,STLT,ok,True,599,220,19800.0,18784.0,18346.0,1016.0,438.0,2476167.9065903565,48413.64475725319,2064080.6332080043,412087.27338235226,"{""0"": 3294, ""140"": 2181, ""599"": 13309}","{""cheaper_candidate_block:downlink_capacity"": 28799, ""decisions"": 19800, ""nonminimum_selected"": 15490, ""rejected"": 1016, ""restricted_decisions"": 1024}",83.39090909090909,92.65656565656566
densenet169:rate:20,densenet169,rate,20.0,0.016,20.0,1.3,6.5e-08,13248.0,269,SLICE,ok,True,599,220,19800.0,18337.0,17201.0,1463.0,1136.0,2582204.8639107132,159968.59254532823,2582169.08583071,35.77807999999998,"{""599"": 18337}",{},78.18636363636364,86.87373737373737
densenet169:rate:40,densenet169,rate,40.0,0.016,40.0,1.3,3.25e-08,13248.0,269,STLT,ok,True,599,220,19800.0,19755.0,19731.0,45.0,24.0,2060033.029075571,1440.3159902895932,1638452.9917033054,421580.03737226594,"{""0"": 7700, ""140"": 1100, ""599"": 10955}","{""cheaper_candidate_block:downlink_capacity"": 23010, ""decisions"": 19800, ""nonminimum_selected"": 12055, ""rejected"": 45, ""restricted_decisions"": 45}",89.68636363636364,99.65151515151516
densenet169:rate:40,densenet169,rate,40.0,0.016,40.0,1.3,3.25e-08,13248.0,269,SLICE,ok,True,599,220,19800.0,18337.0,17201.0,1463.0,1136.0,2582186.974870707,159968.59254532823,2582169.08583071,17.88903999999999,"{""599"": 18337}",{},78.18636363636364,86.87373737373737
densenet169:rate:80,densenet169,rate,80.0,0.016,80.0,1.3,1.625e-08,13248.0,269,STLT,ok,True,140,220,19800.0,19800.0,19800.0,0.0,0.0,923644.6920639535,0.0,501394.5757759629,422250.1162879906,"{""0"": 15400, ""140"": 2200, ""599"": 2200}","{""cheaper_candidate_block:downlink_capacity"": 6600, ""decisions"": 19800, ""nonminimum_selected"": 4400, ""rejected"": 0, ""restricted_decisions"": 0}",90.0,100.0
densenet169:rate:80,densenet169,rate,80.0,0.016,80.0,1.3,1.625e-08,13248.0,269,SLICE,ok,True,140,220,19800.0,19793.0,19764.0,7.0,29.0,1896180.7283177518,2525.5868677862436,1723756.581865277,172424.14645247895,"{""140"": 19793}",{},89.83636363636364,99.81818181818181
