num_points,run,orbits,decisions_per_list,repeats,total_decisions,algo_time_s,latency_ms,energy_j,wall_s,avg_power_w,idle_power_w,energy_per_decision_mj,dynamic_energy_per_decision_mj,power_samples
5,0,10,850,764,649400,12.235958814999321,0.018841944587310318,49.127107547950395,12.235974719995284,4.01497295247512,3.570052425716038,0.07564999622413057,0.008383178807870515,472
5,1,10,850,764,649400,12.226103887005593,0.018826769151533095,49.2703053811089,12.226127503003227,4.029919152160497,3.570052425716038,0.07587050412859393,0.00865782142269582,465
5,2,10,850,764,649400,12.175416109006619,0.01874871590546138,49.13197773740323,12.1754426050029,4.035334018757959,3.570052425716038,0.07565749574592429,0.008723451387813722,462
5,3,10,850,764,649400,12.2035767280031,0.018792079963047582,49.03410938338891,12.203597560001072,4.018004456661598,3.570052425716038,0.07550678993438391,0.008417964754919561,468
5,4,10,850,764,649400,12.194149609000306,0.01877756330304944,49.13543745885617,12.194169801005046,4.029420473938817,3.570052425716038,0.07566282331206678,0.00862582688818116,464
10,0,10,850,671,570350,20.179465610010084,0.03538084616465343,81.44017646379719,20.179484683001647,4.035790692534333,3.570052425716038,0.14278982460558814,0.0164782295459762,762
10,1,10,850,671,570350,20.1637777450087,0.035353340483928644,81.63924901865786,20.16379966599925,4.048802823424208,3.570052425716038,0.14313886038162157,0.016925444217419133,768
10,2,10,850,671,570350,20.12534641798993,0.035285958478109815,82.0094237140894,20.125366994005162,4.074928111299433,3.570052425716038,0.1437878911441911,0.017815040692058873,759
10,3,10,850,671,570350,20.16550292300235,0.035356365254672305,81.44722963385769,20.16552897200745,4.03893345653951,3.570052425716038,0.14280219099475355,0.01657795040149987,767
10,4,10,850,671,570350,20.122848412996973,0.03528157870254576,81.77387412734176,20.122872862004442,4.063727614248627,3.570052425716038,0.14337489984630797,0.017417661179919993,764
20,0,10,850,350,297500,20.050535122005385,0.06739675671262314,81.40076509345265,20.050566035002703,4.059773921162604,3.570052425716038,0.2736160171208492,0.03300569137214,762
20,1,10,850,350,297500,20.11924287499278,0.06762770714283287,81.21770211784388,20.119267485002638,4.036812084653947,3.570052425716038,0.27300067938771055,0.03156592413237111,765
20,2,10,850,350,297500,20.17282360799436,0.06780781044703986,81.93574760783079,20.172846745001152,4.061684929427947,3.570052425716038,0.27541427767338084,0.033336561856274115,768
20,3,10,850,350,297500,20.17799989100604,0.06782520971766735,81.89733251655727,20.178014484001324,4.058740892543801,3.570052425716038,0.2752851513161589,0.03314542172038655,761
20,4,10,850,350,297500,20.13047970099433,0.06766547798653556,81.37817795575994,20.130499221006176,4.042531536964658,3.570052425716038,0.27354009396894097,0.03197055590229251,766
100,0,10,850,72,61200,20.271580013009952,0.3312349675328424,82.63115672756369,20.27160100499168,4.076202797559827,3.570052425716038,1.350182299469995,0.16765487559714823,771
100,1,10,850,72,61200,20.30784857799881,0.3318275911437714,82.73609730807725,20.307879587009666,4.074088432206434,3.570052425716038,1.3518970148378635,0.16725330927000304,780
100,2,10,850,72,61200,20.29335832099605,0.3315908222384975,82.50584559307701,20.293389201993705,4.065651369115382,3.570052425716038,1.348134731913023,0.16433631121731582,772
100,3,10,850,72,61200,20.312889580003684,0.33190996045757654,82.64897264099258,20.31290910000098,4.068790552555005,3.570052425716038,1.3504734091665453,0.16553631103242988,772
100,4,10,850,72,61200,20.339007003000006,0.3323367157352942,83.02082095669422,20.339020571002038,4.081849500415942,3.570052425716038,1.3565493620374873,0.1700890723937908,769
500,0,10,850,15,12750,21.319174420001218,1.6720921113726446,87.03879664085721,21.319196532989736,4.082649011006193,3.570052425716038,6.826572285557428,0.8571095956031582,813
500,1,10,850,15,12750,21.307287759991596,1.6711598243130663,87.31820769409963,21.307312272998388,4.0980395169198935,3.570052425716038,6.848486877968599,0.8823518296778529,810
500,2,10,850,15,12750,21.347506466001505,1.674314232627569,87.61334848651511,21.347520833995077,4.104146292575311,3.570052425716038,6.87163517541295,0.8942415647127313,811
500,3,10,850,15,12750,21.328760810996755,1.672843985176216,87.84146587365399,21.328786635000142,4.118446462843216,3.570052425716038,6.889526735188548,0.9173787772385822,808
500,4,10,850,15,12750,21.29566673899535,1.6702483716859098,86.82083747683096,21.295696756002144,4.076919317155505,3.570052425716038,6.809477449163213,0.8465947933923406,811
1000,0,10,850,8,6800,22.87297695800953,3.363673082060225,93.71715798583394,22.872999743005494,4.097283217715788,3.570052425716038,13.781934997916755,1.7734337896933616,867
1000,1,10,850,8,6800,22.905328709006426,3.368430692500945,93.57240135761649,22.90533917299763,4.085178597482896,3.570052425716038,13.760647258473012,1.735167600177606,870
1000,2,10,850,8,6800,22.90986956898996,3.3690984660279355,93.7298522580692,22.909892160998425,4.091239347587763,3.570052425716038,13.783801802657237,1.7559317905594023,866
1000,3,10,850,8,6800,22.360166957005276,3.288259846618423,91.40126947578126,22.360191693005618,4.087678260127441,3.570052425716038,13.441363158203126,1.7020901298074937,851
1000,4,10,850,8,6800,22.91781797799922,3.3702673497057676,93.91828376527586,22.917836281994823,4.098043227538974,3.570052425716038,13.81151231842292,1.7794715815554738,867
